id,Day,Month,Year,Sex,Age_yrs,Parasitemia,day_collection,time_collection,day_assay,time_assay,time_c,time_a,collection,assay,time_to_assay,cytb.Met133Ile,cytb.Tyr268Asn,cytb.Tyr268Cys,cytb.Tyr268Ser,atp6.Ala623Glu,atp6.Glu431Lys,atp6.Ser769Asn,dhfr.ts.Ala16Val,dhfr.ts.Asn51Ile,dhfr.ts.Cys59Arg,dhfr.ts.Ile164Leu,dhfr.ts.Ser108Asn,dhfr.ts.Ser108Thr,PI4K.Ser915Gly,mdr1.Asn1042Asp,mdr1.Asn86Tyr,mdr1.Asp1246Tyr,mdr1.Ser1034Cys,mdr1.Tyr184Phe,Sec14.Asn615Asp,crt.Arg371Ile,crt.Asn326Ser,crt.Asn75Glu,crt.Cys101Phe,crt.Cys72Ser,crt.Gln271Glu,crt.Gly353Val,crt.His97Leu,crt.His97Tyr,crt.Ile218Phe,crt.Ile356Thr,crt.Lys76Thr,crt.Met343Leu,crt.Met74Ile,crt.Phe145Ile,crt.Thr93Ser,pib7.Cys1484Phe,dhps.Ala437Gly,dhps.Ala581Gly,dhps.Ala613Ser,dhps.Ala613Thr,dhps.Ile431Val,dhps.Lys540Glu,dhps.Ser436Ala,dhps.Ser436Phe,pph.Val1157Leu,kelch10.Pro623Thr,fd.Asp193Tyr,PF3D7.1322700.Thr236Ile,k13.Ala578Ser,k13.Ala675Val,k13.Arg101Gly,k13.Arg255Lys,k13.Arg539Thr,k13.Arg561His,k13.Asn141_Asn142del,k13.Asn141_Asn142dup,k13.Asn142del,k13.Asn142dup,k13.Asn217His,k13.Asp89Tyr,k13.Cys469Tyr,k13.Cys580Tyr,k13.Gln271His,k13.Gln271Leu,k13.Gly533Ala,k13.His136Asn,k13.Ile416Val,k13.Ile543Thr,k13.Leu143delinsAsnAsnVal,k13.Leu258Met,k13.Lys189Asn,k13.Lys189Thr,k13.Met476Ile,k13.Pro574Leu,k13.Pro96Gln,k13.Ser182Thr,k13.Ser210Asn,k13.Ser522Cys,k13.Thr149Ser,k13.Thr192Ala,k13.Thr348Ile,k13.Thr49Ser,k13.Tyr493His,exo.Glu415Gly,mcp.Asn252Asp,mdr2.Thr484Ile,PF3D7.1451200.Asn71Asn,crt.Ala220Ser,k13.Ala145Thr,k13.Ala175Thr,k13.Asn138Ser,k13.Asn140Ile,k13.Asn141Ser,k13.Asn537Ile,k13.Glu304Asp,k13.Ile204Met,k13.Leu143delinsAsnVal,k13.Lys108Glu,k13.Lys91Asn,k13.Met253Ile,k13.Ala174Ser,k13.Asp584Val,k13.Asp80Asn,k13.Glu433Asp,k13.Glu612Asp,k13.Gly112Glu,k13.Gly25Asp,k13.Gly26Asp,k13.Gly26Ser,k13.Leu116Ile,k13.Leu187Phe,k13.Lys9Glu,k13.Thr144_Met157del,k13.Val555Ala,PND,PYR,LM,CQ,PQ,DHA,MQ,MDAQ,date,RSA_done,include,weighted_RSA,sang_469CY,sang_578AS,sang_675AV,all_469Y,all_675V,all_578S,all_WT_675,all_WT_469,median_mdr,mdr_CNV,median_pm1,pm1_CNV,median_pm2,pm2_CNV,median_pm3,pm3_CNV,mean_coi,median_coi,sd_coi,quantile0.025_coi,quantile0.975_coi,site,site2,site3,lum_cat,k13_genotype,all_WT3_469,k13_genotype2
BUS-019,31,5,21,2,3.42,5.2,5/31/2021,14:20,6/1/2021,10:18,14H 20M 0S,10H 18M 0S,5/31/2021 14:20,6/1/2021 10:18,19.96666667,0,0,0,0,0,0,0,0,2,2,0,2,0,0,0,0,0,0,2,0,0,0,0,0,0,NA,0,0,0,0,0,0,0,0,0,0,0,2,0,0,0,0,2,0,0,0,0,0,0,0,0,0,0,0,0,0,0,0,0,0,NA,0,0,0,NA,0,0,NA,0,0,0,0,0,0,NA,0,0,NA,NA,0,0,0,NA,0,0,0,0,0,0,NA,NA,0,NA,NA,NA,NA,NA,NA,NA,NA,NA,0,0,0,0,0,0,0,0,0,0,0,0,0,0,0.3349,13302,6.182,9.91,4.869,0.9933,24.66,7.846,31-May-21,1,1,3.14,0,0,0,0,0,0,0,0,1.0545553,1,0.993579902,1,0.942407963,1,0.937666003,1,2,2,0,2,2,BUS,BUS,Eastern,0,0,0,0
BUS-020,31,5,21,2,15,4.7,5/31/2021,11:45,6/1/2021,10:18,11H 45M 0S,10H 18M 0S,5/31/2021 11:45,6/1/2021 10:18,22.55,0,0,0,0,0,0,0,0,2,2,0,2,0,0,0,0,0,0,0,0,0,0,0,0,0,0,0,0,0,0,0,0,0,0,0,0,0,2,0,0,0,0,2,0,0,0,0,0,0,0,0,0,0,0,0,0,0,1,0,0,NA,0,0,0,NA,0,0,NA,0,0,0,0,2,0,NA,0,0,NA,NA,0,0,0,NA,0,0,0,0,2,0,NA,NA,0,NA,NA,NA,NA,NA,NA,NA,NA,NA,0,0,0,0,0,0,0,0,0,0,0,0,0,0,1.249,14562,4.618,9.296,7.931,0.4827,7.499,5.382,31-May-21,1,1,1.31,0,0,0,0,0,0,0,0,1.035959401,1,0.979928137,1,0.838202965,1,1.005543953,1,2,2,0,2,2,BUS,BUS,Eastern,0,0,0,0
BUS-021,2,6,21,2,5,11.3,6/1/2021,11:00,6/2/2021,12:22,11H 0M 0S,12H 22M 0S,6/1/2021 11:00,6/2/2021 12:22,25.36666667,0,0,0,0,0,1,0,0,2,2,0,2,0,0,0,0,0,0,1,0,0,NA,0,0,0,0,0,0,0,NA,0,0,NA,0,0,0,0,2,0,0,0,0,2,0,0,0,0,0,0,0,0,0,0,0,0,0,0,1,0,0,NA,0,0,0,NA,0,0,NA,0,0,0,0,1,0,NA,0,0,NA,NA,0,0,0,NA,0,0,0,0,1,NA,NA,NA,0,NA,NA,NA,NA,NA,NA,NA,NA,NA,0,0,0,0,0,0,0,0,0,0,0,0,0,0,0.214,30820,5.546,8.575,6.333,1.088,7.354,2.669,1-Jun-21,1,1,0,0,0,0,0,0,0,0,0,0.981693794,1,1.072421078,1,1.030334464,1,1.06406473,1,4,4,0.48123,4,5,BUS,BUS,Eastern,0,0,0,0
BUS-022,2,6,21,1,6,3.1,6/1/2021,11:10,6/2/2021,12:22,11H 10M 0S,12H 22M 0S,6/1/2021 11:10,6/2/2021 12:22,25.2,0,0,0,0,0,0,0,0,2,2,0,2,0,0,0,0,0,0,2,0,0,0,0,0,0,0,0,0,0,NA,0,0,NA,0,0,0,0,2,0,0,0,0,2,0,0,0,0,0,0,0,0,0,0,0,0,0,0,1,0,0,NA,0,0,0,NA,0,0,NA,0,0,0,2,0,0,NA,0,0,NA,NA,0,0,0,NA,0,0,0,0,0,NA,NA,NA,0,NA,NA,NA,NA,NA,NA,NA,NA,NA,0,0,0,0,0,0,0,0,0,0,0,0,0,0,0.2137,31572,5.327,6.08,1.603,1.443,18.2,3.228,1-Jun-21,1,1,0.5,0,0,0,0,0,0,0,0,1.043891564,1,0.916539748,1,0.750528919,1,1.060168066,1,2,2,0,2,2,BUS,BUS,Eastern,0,0,0,0
BUS-023,8,6,21,1,7,3.7,6/8/2021,13:01,6/9/2021,13:40,13H 1M 0S,13H 40M 0S,6/8/2021 13:01,6/9/2021 13:40,24.65,0,0,0,0,0,1,0,0,2,1,1,2,0,0,0,0,0,0,1,0,0,0,0,0,0,0,0,0,0,NA,0,0,0,0,0,0,0,2,0,0,0,0,2,0,0,0,0,0,0,0,0,0,0,0,0,0,1,0,0,0,NA,0,0,0,NA,0,0,NA,0,0,0,0,0,0,NA,0,0,NA,NA,0,0,0,NA,0,0,0,0,1,NA,NA,NA,0,NA,NA,NA,NA,NA,NA,NA,NA,NA,0,0,0,0,0,0,0,0,0,0,0,0,0,0,1.386,29110,8.525,10.92,3.521,2.351,9.857,7.547,8-Jun-21,1,1,20.79,0,0,0,0,0,0,0,0,1.043347487,1,1.001537705,1,0.936599372,1,1.026972609,1,4,4,0.50231,4,5,BUS,BUS,Eastern,0,0,0,0
BUS-024,8,6,21,2,15,0.3,6/8/2021,13:05,NA,,13H 5M 0S,NA,6/8/2021 13:05,NA,NA,0,0,0,0,0,1,NA,0,2,2,0,2,0,0,0,0,0,0,2,0,0,NA,0,0,0,0,0,0,0,0,0,0,NA,0,0,0,0,2,0,0,0,0,2,0,0,0,0,0,0,0,0,0,0,0,0,0,0,0,0,0,NA,0,0,0,NA,0,0,NA,0,0,0,0,1,0,NA,0,0,NA,NA,0,0,0,NA,0,0,0,0,0,0,NA,NA,0,NA,NA,NA,NA,NA,NA,NA,NA,NA,0,0,0,0,0,0,0,0,0,0,0,0,0,0,NA,NA,NA,NA,NA,NA,NA,NA,8-Jun-21,1,1,0,0,0,0,0,0,0,0,0,NA,NA,NA,NA,NA,NA,NA,NA,2,2,0,2,2,BUS,BUS,Eastern,NA,0,0,0
BUS-025,8,6,21,1,7,1.5,6/8/2021,13:20,6/9/2021,13:40,13H 20M 0S,13H 40M 0S,6/8/2021 13:20,6/9/2021 13:40,24.33333333,0,0,0,0,0,0,0,0,2,2,0,2,0,0,0,0,0,0,2,0,0,0,0,0,0,0,0,0,0,NA,0,0,0,0,0,0,0,2,0,0,0,0,2,0,0,0,0,0,0,0,0,0,0,0,0,0,0,0,0,0,NA,2,0,0,NA,0,0,NA,0,0,0,0,0,0,NA,0,0,NA,NA,0,0,0,NA,0,0,0,0,0,NA,NA,NA,0,NA,NA,NA,NA,NA,NA,NA,NA,NA,0,0,0,0,0,0,0,0,0,0,0,0,0,0,0.7445,12009,8.184,8.664,2.02,2.7,8.933,7.484,8-Jun-21,1,1,15.04,2,0,0,2,0,0,NA,1,1.096087066,1,1.04541768,1,0.943715153,1,1.152491959,1,2,2,0,2,2,BUS,BUS,Eastern,0,1,2,2
BUS-026,14,6,21,2,3,2.5,6/14/2021,14:30,6/15/2021,14:45,14H 30M 0S,14H 45M 0S,6/14/2021 14:30,6/15/2021 14:45,24.25,0,0,0,0,0,0,0,0,2,2,0,2,0,0,0,0,0,0,0,1,0,0,0,0,0,NA,0,0,0,NA,0,0,NA,0,0,0,0,2,0,0,0,0,2,0,0,0,0,0,0,0,0,0,0,0,0,0,0,1,0,0,NA,0,0,0,NA,0,0,NA,0,0,1,0,1,0,NA,0,0,NA,NA,0,0,0,NA,0,0,0,0,0,NA,NA,NA,0,NA,NA,NA,NA,NA,NA,NA,NA,NA,0,0,0,0,0,0,0,0,0,0,0,0,0,0,1.379,51520,4.716,15.58,17.89,1.902,9.747,9.01,14-Jun-21,0,0,NA,0,0,0,0,0,0,0,0,1.005232406,1,0.94148263,1,0.824214535,1,0.936935164,1,3,3,0.11755,3,3,BUS,BUS,Eastern,0,0,0,0
BUS-027,14,6,21,2,6,1.9,6/14/2021,14:54,6/15/2021,14:45,14H 54M 0S,14H 45M 0S,6/14/2021 14:54,6/15/2021 14:45,23.85,0,0,0,0,0,2,0,0,2,2,2,2,0,0,0,0,0,0,0,0,0,0,0,0,0,NA,0,0,0,NA,0,0,NA,0,0,0,0,2,0,0,0,0,2,0,0,NA,0,0,0,0,0,0,0,0,0,0,0,0,0,0,NA,0,0,0,NA,0,0,NA,0,0,2,0,2,0,NA,0,0,NA,NA,0,0,0,NA,0,0,0,0,0,NA,NA,NA,0,NA,NA,NA,NA,NA,NA,NA,NA,NA,0,0,0,0,0,0,0,0,0,0,0,0,0,0,0.8329,83723,4.741,19.31,16.96,2.336,14.21,8.507,14-Jun-21,0,0,NA,0,0,0,0,0,0,0,0,1.012588773,1,0.956040241,1,0.880159858,1,NA,NA,2,2,0,2,2,BUS,BUS,Eastern,0,0,0,0
BUS-028 ,14,6,21,1,14,NA,6/14/2021,15:10,NA,,15H 10M 0S,NA,6/14/2021 15:10,NA,NA,NA,NA,NA,NA,NA,NA,NA,NA,NA,NA,NA,NA,NA,NA,NA,NA,NA,NA,NA,NA,NA,NA,NA,NA,NA,NA,NA,NA,NA,NA,NA,NA,NA,NA,NA,NA,NA,NA,NA,NA,NA,NA,NA,NA,NA,NA,NA,NA,NA,NA,NA,NA,NA,NA,NA,NA,NA,NA,NA,NA,NA,NA,NA,NA,NA,NA,NA,NA,NA,NA,NA,NA,NA,NA,NA,NA,NA,NA,NA,NA,NA,NA,NA,NA,NA,NA,NA,NA,NA,NA,NA,NA,NA,NA,NA,NA,NA,NA,NA,NA,NA,NA,NA,NA,NA,NA,NA,NA,NA,NA,NA,NA,NA,NA,NA,NA,NA,NA,NA,NA,NA,NA,NA,14-Jun-21,0,0,NA,NA,NA,NA,NA,NA,NA,NA,NA,NA,NA,NA,NA,NA,NA,NA,NA,NA,NA,NA,NA,NA,BUS,BUS,Eastern,NA,NA,NA,NA
BUS-029,21,6,21,2,18,2.3,6/21/2021,14:29,6/22/2021,13:20,14H 29M 0S,13H 20M 0S,6/21/2021 14:29,6/22/2021 13:20,22.85,0,0,0,0,0,0,0,0,2,2,0,2,0,0,0,0,0,0,1,0,0,0,0,0,0,0,0,0,0,0,0,0,0,0,0,0,0,2,0,0,0,0,2,0,0,0,0,0,0,0,0,0,0,0,0,0,0,0,0,0,NA,0,0,0,NA,0,0,NA,0,0,0,0,0,0,NA,0,0,NA,NA,0,0,0,NA,0,0,0,0,0,0,NA,NA,0,NA,NA,NA,NA,NA,NA,NA,NA,NA,0,0,0,0,0,0,0,0,0,0,0,0,0,0,1.342,34399,2.906,7.695,7.856,1.959,8.679,11.5,21-Jun-21,0,0,NA,0,0,0,0,0,0,0,0,1.036306121,1,1.072907129,1,0.947181704,1,1.031814126,1,2,2,0.03162,2,2,BUS,BUS,Eastern,0,0,0,0
BUS-030,22,6,21,1,4,10.8,6/22/2021,11:30,6/23/2021,14:45,11H 30M 0S,14H 45M 0S,6/22/2021 11:30,6/23/2021 14:45,27.25,0,0,0,0,0,0,0,0,2,2,0,2,0,0,0,0,0,0,2,0,0,NA,0,0,0,0,0,0,0,NA,0,0,NA,0,0,0,0,2,0,0,0,0,2,0,0,0,0,0,0,0,0,0,0,0,0,0,1,0,1,0,NA,0,0,0,NA,0,0,NA,0,0,0,0,0,0,NA,0,0,NA,NA,0,0,2,NA,0,0,0,0,0,NA,NA,NA,0,NA,NA,NA,NA,NA,NA,NA,NA,NA,0,0,0,0,0,0,0,0,0,0,0,0,0,0,0.4428,45132,4.031,7.897,8.03,1.14,2.105,3.157,22-Jun-21,1,1,2.22,0,0,0,0,0,0,0,0,1.079076763,1,0.991856748,1,0.993140339,1,0.89724499,1,2,2,0,2,2,BUS,BUS,Eastern,0,0,0,0
BUS-031,22,6,21,1,2.92,9.16,6/22/2021,12:35,6/23/2021,14:45,12H 35M 0S,14H 45M 0S,6/22/2021 12:35,6/23/2021 14:45,26.16666667,0,0,0,0,0,0,0,0,2,2,0,2,0,0,0,0,0,0,0,0,0,NA,0,0,0,NA,0,0,0,NA,0,0,NA,0,0,0,0,2,0,0,0,0,2,0,0,0,0,0,0,0,0,0,0,0,0,0,0,0,1,0,NA,0,0,0,NA,0,0,NA,0,0,0,0,0,0,NA,0,0,NA,NA,0,0,0,NA,0,0,0,0,0,NA,NA,NA,0,NA,NA,NA,NA,NA,NA,NA,NA,NA,0,0,0,0,0,0,0,0,0,0,0,0,0,0,0.5857,35631,5.214,9.177,11.87,1.481,6.101,4.215,22-Jun-21,1,1,3.23,0,0,0,0,0,0,0,0,0.91364012,1,1.109541603,1,1.138571077,1,0.907208765,1,2,2,0,2,2,BUS,BUS,Eastern,0,0,0,0
BUS-032,5,7,21,1,3.92,0.73,7/5/2021,11:30,7/6/2021,13:30,11H 30M 0S,13H 30M 0S,7/5/2021 11:30,7/6/2021 13:30,26,0,0,0,0,0,0,0,0,2,2,0,2,0,0,0,0,1,0,1,0,0,0,0,0,0,0,0,0,0,NA,0,0,0,0,0,0,0,2,0,0,0,0,2,0,0,0,0,0,0,0,0,0,0,0,0,0,0,0,0,0,0,2,0,0,0,0,0,0,0,0,0,0,0,0,0,0,0,0,0,0,0,0,0,0,0,0,0,0,NA,NA,NA,NA,NA,NA,NA,NA,NA,NA,NA,NA,NA,NA,NA,NA,NA,NA,NA,NA,NA,NA,NA,NA,NA,NA,NA,NA,NA,NA,NA,NA,NA,NA,NA,5-Jul-21,1,0,NA,2,0,0,2,0,0,NA,1,1.026812554,1,1.079556907,1,1.108878269,1,1.037605376,1,2,2,0,2,2,BUS,BUS,Eastern,NA,1,2,2
BUS-033,5,7,21,2,2.17,2.32,7/5/2021,13:20,7/6/2021,13:30,13H 20M 0S,13H 30M 0S,7/5/2021 13:20,7/6/2021 13:30,24.16666667,0,0,0,0,0,0,0,0,2,0,0,2,0,0,0,0,0,0,2,0,0,0,0,0,0,NA,0,0,0,0,0,0,0,0,0,0,0,2,0,0,0,0,2,0,0,0,0,0,0,0,0,0,0,0,0,NA,NA,NA,NA,0,0,0,0,NA,NA,0,NA,0,0,NA,0,0,0,0,0,0,0,0,0,0,0,0,0,0,0,NA,0,0,0,NA,NA,NA,NA,NA,NA,NA,NA,NA,NA,NA,NA,NA,NA,NA,NA,NA,NA,NA,NA,NA,NA,NA,NA,NA,NA,1.391,17699,13.03,11.33,5.148,1.648,10.57,8.544,5-Jul-21,1,1,0.81,0,0,0,0,0,0,0,0,0.889072284,1,0.790012824,1,1.070887363,1,NA,NA,2,2,0,2,2,BUS,BUS,Eastern,0,0,0,0
BUS-034,6,7,21,2,5,1,7/6/2021,15:39,7/7/2021,17:10,15H 39M 0S,17H 10M 0S,7/6/2021 15:39,7/7/2021 17:10,25.51666667,0,0,0,0,0,0,0,0,2,2,0,2,0,0,0,0,0,0,1,NA,0,NA,0,0,0,0,0,0,0,NA,0,0,NA,0,0,0,0,2,1,0,0,0,2,0,0,0,0,0,0,0,0,0,0,0,0,0,0,0,0,0,0,0,0,NA,NA,0,0,0,0,0,0,0,1,0,0,0,0,0,0,0,0,0,0,0,0,NA,0,0,NA,NA,NA,NA,NA,NA,NA,NA,NA,NA,NA,NA,NA,NA,NA,NA,NA,NA,NA,NA,NA,NA,NA,NA,NA,NA,NA,0.7829,38775,15.21,10.08,5.324,2.397,17.89,9.082,6-Jul-21,1,1,0,0,0,0,0,0,0,0,0,1.045187693,1,NA,NA,NA,NA,NA,NA,4,4,0.49185,3,4,BUS,BUS,Eastern,0,0,0,0
BUS-035,6,7,21,2,4,2.28,7/6/2021,16:15,7/7/2021,17:10,16H 15M 0S,17H 10M 0S,7/6/2021 16:15,7/7/2021 17:10,24.91666667,0,0,0,0,0,0,0,0,2,2,0,2,0,0,0,0,0,0,2,0,0,NA,0,0,0,NA,0,0,0,NA,0,0,NA,0,0,0,0,2,0,0,0,0,2,0,0,0,0,0,0,0,0,0,0,0,0,0,0,0,0,0,0,0,0,NA,NA,0,0,0,0,0,0,0,0,0,0,0,0,0,0,2,0,0,0,0,0,NA,0,0,NA,NA,NA,NA,NA,NA,NA,NA,NA,NA,NA,NA,NA,NA,NA,NA,NA,NA,NA,NA,NA,NA,NA,NA,NA,NA,NA,0.6828,34952,9.144,8.485,1.886,2.791,14.04,6.972,6-Jul-21,1,1,7.37,0,0,0,0,0,0,0,0,NA,NA,NA,NA,NA,NA,NA,NA,2,2,0,2,2,BUS,BUS,Eastern,0,0,0,0
BUS-036,7,7,21,2,4,2.54,7/7/2021,12:18,7/7/2021,17:10,12H 18M 0S,17H 10M 0S,7/7/2021 12:18,7/7/2021 17:10,4.866666667,0,0,0,0,0,0,0,0,2,2,0,2,0,0,0,0,0,0,1,0,0,0,0,0,0,0,0,0,0,0,0,0,0,0,0,0,0,2,1,0,0,0,2,0,0,0,0,0,0,0,0,0,0,0,0,0,0,0,0,0,0,0,0,NA,NA,0,0,0,0,0,0,0,2,0,0,0,0,0,0,0,0,0,0,0,0,NA,0,0,0,NA,NA,NA,NA,NA,NA,NA,NA,NA,NA,NA,NA,NA,NA,NA,NA,NA,NA,NA,NA,NA,NA,NA,NA,NA,NA,0.4696,50771,7.041,7.777,2.047,2.114,12.17,3.845,7-Jul-21,1,1,0.57,0,0,0,0,0,0,0,0,0.921173748,1,0.821854616,1,0.943985923,1,NA,NA,2,2,0.34082,2,3,BUS,BUS,Eastern,0,0,0,0
BUS-037,12,7,21,1,9,NA,7/12/2021,,NA,,NA,NA,NA,NA,NA,NA,NA,NA,NA,NA,NA,NA,NA,NA,NA,NA,NA,NA,NA,NA,NA,NA,NA,NA,NA,NA,NA,NA,NA,NA,NA,NA,NA,NA,NA,NA,NA,NA,NA,NA,NA,NA,NA,NA,NA,NA,NA,NA,NA,NA,NA,NA,NA,NA,NA,NA,NA,NA,NA,NA,NA,NA,NA,NA,NA,NA,NA,NA,NA,NA,NA,NA,NA,NA,NA,NA,NA,NA,NA,NA,NA,NA,NA,NA,NA,NA,NA,NA,NA,NA,NA,NA,NA,NA,NA,NA,NA,NA,NA,NA,NA,NA,NA,NA,NA,NA,NA,NA,NA,NA,NA,NA,NA,NA,NA,NA,NA,NA,NA,NA,NA,NA,NA,NA,NA,NA,NA,NA,12-Jul-21,1,1,0,NA,NA,NA,NA,NA,NA,NA,NA,NA,NA,NA,NA,NA,NA,NA,NA,NA,NA,NA,NA,NA,BUS,BUS,Eastern,NA,NA,NA,NA
BUS-038,12,7,21,1,13,NA,7/12/2021,,NA,,NA,NA,NA,NA,NA,NA,NA,NA,NA,NA,NA,NA,NA,NA,NA,NA,NA,NA,NA,NA,NA,NA,NA,NA,NA,NA,NA,NA,NA,NA,NA,NA,NA,NA,NA,NA,NA,NA,NA,NA,NA,NA,NA,NA,NA,NA,NA,NA,NA,NA,NA,NA,NA,NA,NA,NA,NA,NA,NA,NA,NA,NA,NA,NA,NA,NA,NA,NA,NA,NA,NA,NA,NA,NA,NA,NA,NA,NA,NA,NA,NA,NA,NA,NA,NA,NA,NA,NA,NA,NA,NA,NA,NA,NA,NA,NA,NA,NA,NA,NA,NA,NA,NA,NA,NA,NA,NA,NA,NA,NA,NA,NA,NA,NA,NA,NA,NA,NA,NA,NA,NA,NA,NA,NA,NA,NA,NA,NA,12-Jul-21,1,1,1.49,NA,NA,NA,NA,NA,NA,NA,NA,NA,NA,NA,NA,NA,NA,NA,NA,NA,NA,NA,NA,NA,BUS,BUS,Eastern,NA,NA,NA,NA
BUS-039,12,7,21,1,9,NA,7/12/2021,,NA,,NA,NA,NA,NA,NA,NA,NA,NA,NA,NA,NA,NA,NA,NA,NA,NA,NA,NA,NA,NA,NA,NA,NA,NA,NA,NA,NA,NA,NA,NA,NA,NA,NA,NA,NA,NA,NA,NA,NA,NA,NA,NA,NA,NA,NA,NA,NA,NA,NA,NA,NA,NA,NA,NA,NA,NA,NA,NA,NA,NA,NA,NA,NA,NA,NA,NA,NA,NA,NA,NA,NA,NA,NA,NA,NA,NA,NA,NA,NA,NA,NA,NA,NA,NA,NA,NA,NA,NA,NA,NA,NA,NA,NA,NA,NA,NA,NA,NA,NA,NA,NA,NA,NA,NA,NA,NA,NA,NA,NA,NA,NA,NA,NA,NA,NA,NA,NA,NA,NA,NA,NA,NA,NA,NA,NA,NA,NA,NA,12-Jul-21,1,1,0.89,NA,NA,NA,NA,NA,NA,NA,NA,NA,NA,NA,NA,NA,NA,NA,NA,NA,NA,NA,NA,NA,BUS,BUS,Eastern,NA,NA,NA,NA
BUS-040,14,7,21,1,3,1.83,7/13/2021,11:28,7/14/2021,12:00,11H 28M 0S,12H 0M 0S,7/13/2021 11:28,7/14/2021 12:00,24.53333333,0,0,0,0,0,0,0,0,2,2,0,2,0,0,0,0,0,0,2,0,0,NA,0,0,0,0,0,0,0,0,0,0,NA,0,0,0,0,2,0,0,0,0,2,0,0,0,0,0,0,0,0,0,0,0,0,0,0,0,0,0,0,0,0,NA,NA,0,0,0,0,0,0,0,0,0,0,0,0,0,0,0,0,0,0,0,0,NA,0,0,0,NA,NA,NA,NA,NA,NA,NA,NA,NA,NA,NA,NA,NA,NA,NA,NA,NA,NA,NA,NA,NA,NA,NA,NA,NA,NA,0.7767,24343,5.295,10.54,7.852,1.109,8.294,6.888,13-Jul-21,1,1,3.09,0,0,0,0,0,0,0,0,0.674925025,1,0.781413779,1,1.166837904,1,NA,NA,2,2,0,2,2,BUS,BUS,Eastern,0,0,0,0
BUS-041,14,7,21,1,5,1.73,7/13/2021,12:10,7/14/2021,12:00,12H 10M 0S,12H 0M 0S,7/13/2021 12:10,7/14/2021 12:00,23.83333333,0,0,0,0,0,0,NA,0,2,2,0,2,0,0,0,0,0,0,2,0,NA,NA,0,0,0,0,0,0,0,0,0,0,NA,0,NA,0,0,2,0,0,0,0,2,0,0,0,0,0,0,0,0,0,0,0,0,NA,NA,NA,NA,0,0,0,0,NA,NA,0,NA,0,0,NA,0,0,0,0,0,0,0,0,0,0,0,0,0,0,0,NA,0,NA,0,NA,NA,NA,NA,NA,NA,NA,NA,NA,NA,NA,NA,NA,NA,NA,NA,NA,NA,NA,NA,NA,NA,NA,NA,NA,NA,0.6265,26041,7.277,12.27,4.971,2.664,13.93,7.779,13-Jul-21,1,1,20.15,0,0,0,0,0,0,0,0,0.866772781,1,NA,NA,NA,NA,NA,NA,2,2,0,2,2,BUS,BUS,Eastern,0,0,0,0
BUS-042,19,7,21,2,11,1.3,7/19/2021,13:40,7/20/2021,13:20,13H 40M 0S,13H 20M 0S,7/19/2021 13:40,7/20/2021 13:20,23.66666667,0,0,0,0,0,0,NA,NA,2,2,0,2,0,0,0,0,0,0,2,0,0,NA,NA,NA,NA,0,NA,NA,NA,NA,NA,NA,NA,NA,NA,NA,NA,2,0,0,0,0,2,0,0,0,0,0,0,0,0,0,0,0,0,NA,NA,NA,NA,0,0,0,0,NA,NA,0,NA,0,0,NA,0,0,1,0,0,0,0,0,0,NA,0,0,0,0,0,NA,0,0,NA,NA,NA,NA,NA,NA,NA,NA,NA,NA,NA,NA,NA,NA,NA,NA,NA,NA,NA,NA,NA,NA,NA,NA,NA,NA,NA,0.5145,65868,8.915,13.24,5.402,3.337,15.62,6.435,19-Jul-21,1,1,1.44,0,0,0,0,0,0,0,0,NA,NA,NA,NA,NA,NA,NA,NA,2,2,0.07727,2,2,BUS,BUS,Eastern,0,0,0,0
BUS-043,19,7,21,2,11,3.2,7/19/2021,14:46,7/20/2021,13:20,14H 46M 0S,13H 20M 0S,7/19/2021 14:46,7/20/2021 13:20,22.56666667,0,0,0,0,0,0,0,0,2,2,0,2,0,0,0,0,0,0,1,0,0,0,0,0,0,0,0,0,0,NA,0,0,0,0,0,0,0,2,0,0,0,0,2,0,0,0,0,0,0,0,0,0,0,0,0,NA,NA,NA,NA,0,0,0,0,NA,NA,0,NA,0,0,NA,0,0,1,0,0,0,0,0,0,0,0,0,0,0,0,NA,0,0,NA,NA,NA,NA,NA,NA,NA,NA,NA,NA,NA,NA,NA,NA,NA,NA,NA,NA,NA,NA,NA,NA,NA,NA,NA,NA,NA,1.03,50456,13.85,9.7,6.307,5.426,12.91,7.345,19-Jul-21,1,1,7.75,0,0,0,0,0,0,0,0,0.759559475,1,0.679777791,1,1.059715279,1,0.708276239,1,2,2,0,2,2,BUS,BUS,Eastern,0,0,0,0
BUS-044,4,8,21,2,11,1.3,8/4/2021,11:24,8/5/2021,14:30,11H 24M 0S,14H 30M 0S,8/4/2021 11:24,8/5/2021 14:30,27.1,0,0,0,0,0,0,0,0,2,2,0,2,0,0,0,0,0,0,2,0,0,0,0,0,0,NA,0,0,0,NA,0,0,NA,0,0,0,0,2,0,0,0,0,2,0,0,0,0,0,0,0,0,1,0,0,0,0,0,1,1,0,0,1,0,0,0,0,0,0,0,0,0,0,1,0,0,0,0,0,0,0,0,0,0,0,0,0,0,0,NA,NA,NA,NA,NA,NA,NA,NA,NA,NA,NA,NA,NA,NA,NA,NA,NA,NA,NA,NA,NA,NA,NA,NA,NA,NA,NA,NA,NA,NA,NA,NA,NA,NA,NA,NA,NA,NA,NA,0,0,0,1,0,0,NA,1,0.997139705,1,0.945942658,1,0.850082183,1,0.905191622,1,4,4,0.22381,4,5,BUS,BUS,Eastern,NA,1,1,1
BUS-045,4,8,21,2,17,3.7,8/4/2021,13:00,8/5/2021,14:30,13H 0M 0S,14H 30M 0S,8/4/2021 13:00,8/5/2021 14:30,25.5,0,0,0,0,0,0,0,0,2,2,2,2,0,0,0,0,0,0,2,0,0,0,0,0,0,0,0,0,0,NA,0,0,0,0,0,0,0,2,0,0,0,0,2,0,0,0,0,0,0,0,0,0,0,0,0,0,1,0,1,0,0,0,0,0,0,0,0,0,0,0,0,0,0,0,0,0,0,0,0,0,0,2,0,0,0,0,0,0,NA,NA,NA,NA,NA,NA,NA,NA,NA,NA,NA,NA,NA,NA,NA,NA,NA,NA,NA,NA,NA,NA,NA,NA,NA,NA,NA,0.5165,42134,6.727,7.713,1.629,0.5433,13.1,9.913,NA,NA,NA,NA,0,0,0,0,0,0,0,0,1.024897989,1,1.207251886,1,1.054823772,1,0.917001114,1,2,2,0,2,2,BUS,BUS,Eastern,0,0,0,0
BUS-046,4,8,21,2,13,2.3,8/4/2021,15:16,8/5/2021,14:30,15H 16M 0S,14H 30M 0S,8/4/2021 15:16,8/5/2021 14:30,23.23333333,0,0,0,0,0,1,0,0,2,2,0,2,0,0,0,0,0,0,1,0,0,0,0,0,0,0,0,0,0,NA,0,0,NA,0,0,0,0,2,0,0,0,0,2,0,0,0,0,1,0,0,0,0,0,0,0,0,0,1,0,0,0,0,0,0,0,0,0,0,0,0,0,0,1,0,0,0,0,0,0,0,0,0,0,0,0,0,0,0,NA,NA,NA,NA,NA,NA,NA,NA,NA,NA,NA,NA,NA,NA,NA,NA,NA,NA,NA,NA,NA,NA,NA,NA,NA,NA,NA,NA,NA,NA,NA,NA,NA,NA,NA,NA,NA,NA,NA,0,0,0,0,0,0,0,0,0.982638169,1,1.073635531,1,1.142320349,1,0.894057421,1,3,3,0.44155,3,4,BUS,BUS,Eastern,NA,0,0,0
BUS-047,11,8,21,1,5,3.4,8/11/2021,13:11,8/12/2021,14:45,13H 11M 0S,14H 45M 0S,8/11/2021 13:11,8/12/2021 14:45,25.56666667,0,0,0,0,0,0,0,0,2,2,0,2,0,0,0,0,2,0,2,0,0,0,0,0,0,NA,0,0,0,NA,0,0,0,0,0,0,0,2,0,0,0,0,2,0,0,NA,0,0,0,0,0,0,0,0,0,0,2,0,0,0,0,0,0,0,0,0,0,0,0,0,0,0,0,0,0,0,0,0,0,0,0,2,0,0,0,0,0,0,NA,NA,NA,NA,NA,NA,NA,NA,NA,NA,NA,NA,NA,NA,NA,NA,NA,NA,NA,NA,NA,NA,NA,NA,NA,NA,NA,1.714,24710,11.36,31.79,4.412,0.881,12.46,7.991,NA,NA,NA,NA,0,0,0,0,0,0,0,0,1.442770114,1,NA,NA,NA,NA,NA,NA,2,2,0,2,2,BUS,BUS,Eastern,0,0,0,0
BUS-048,11,8,21,1,5,1.9,8/11/2021,14:17,8/12/2021,14:45,14H 17M 0S,14H 45M 0S,8/11/2021 14:17,8/12/2021 14:45,24.46666667,0,0,0,0,0,0,0,0,2,2,0,2,0,0,0,0,0,0,0,0,0,NA,0,0,0,0,0,0,0,NA,0,0,NA,0,0,0,0,2,0,0,0,0,2,0,0,0,0,0,0,0,0,0,0,0,0,0,0,1,0,0,0,0,0,0,0,0,0,0,0,0,0,0,0,0,0,0,0,0,0,1,0,0,0,0,0,0,0,0,NA,NA,NA,NA,NA,NA,NA,NA,NA,NA,NA,NA,NA,NA,NA,NA,NA,NA,NA,NA,NA,NA,NA,NA,NA,NA,NA,NA,NA,NA,NA,NA,NA,NA,NA,NA,NA,NA,NA,0,0,0,0,0,0,0,0,0.954742839,1,1.103457273,1,1.035686943,1,0.927571592,1,2,2,0.47292,2,3,BUS,BUS,Eastern,NA,0,0,0
BUS-049,11,8,21,1,2.67,3.8,8/11/2021,15:03,8/12/2021,14:45,15H 3M 0S,14H 45M 0S,8/11/2021 15:03,8/12/2021 14:45,23.7,0,0,0,0,0,0,0,0,2,2,0,2,0,0,0,0,0,0,0,1,0,0,0,0,0,0,0,0,0,0,0,0,0,0,0,0,0,2,0,0,0,0,2,0,0,0,0,0,0,0,0,0,0,0,0,0,0,1,0,0,0,0,0,0,0,0,0,0,0,0,0,0,2,0,0,0,0,0,0,0,0,0,0,0,0,0,0,0,0,NA,NA,NA,NA,NA,NA,NA,NA,NA,NA,NA,NA,NA,NA,NA,NA,NA,NA,NA,NA,NA,NA,NA,NA,NA,NA,1.518,28832,4.358,13.56,4.733,0.3533,7.581,8.399,NA,NA,NA,NA,0,0,0,0,0,0,0,0,0.933745509,1,1.199678635,1,1.017121725,1,1.105186441,1,2,2,0.40243,2,3,BUS,BUS,Eastern,0,0,0,0
BUS-050,12,8,21,1,10,0.65,8/12/2021,13:27,8/13/2021,13:45,13H 27M 0S,13H 45M 0S,8/12/2021 13:27,8/13/2021 13:45,24.3,0,0,0,0,0,1,0,0,2,2,0,2,0,0,0,0,0,0,0,0,0,0,0,0,0,0,0,0,0,NA,0,0,0,0,0,0,0,2,0,0,0,0,2,0,0,0,0,0,0,0,0,0,0,0,0,0,0,0,0,0,0,0,0,0,0,0,0,0,0,0,0,0,0,0,0,0,0,0,0,0,0,0,0,0,0,0,0,0,NA,NA,NA,NA,NA,NA,NA,NA,NA,NA,NA,NA,NA,NA,NA,NA,NA,NA,NA,NA,NA,NA,NA,NA,NA,NA,NA,1.406,23178,4.934,8.723,4.109,1.069,5.765,7.389,NA,NA,NA,NA,0,0,0,0,0,0,0,0,0.960499696,1,1.098914463,1,1.013961538,1,1.109126104,1,2,2,0.38101,2,3,BUS,BUS,Eastern,0,0,0,0
BUS-051,12,8,21,1,2,4.75,8/12/2021,13:45,8/13/2021,13:45,13H 45M 0S,13H 45M 0S,8/12/2021 13:45,8/13/2021 13:45,24,0,0,0,0,0,0,0,0,2,2,0,2,0,0,0,0,0,0,2,0,0,0,0,0,0,NA,0,0,0,NA,0,0,0,0,0,0,0,2,0,0,0,0,2,0,0,0,0,0,0,0,0,0,0,0,0,0,1,1,0,0,0,0,0,0,0,0,0,0,0,0,0,0,0,0,0,0,0,0,0,0,0,0,0,0,0,0,0,0,NA,NA,NA,NA,NA,NA,NA,NA,NA,NA,NA,NA,NA,NA,NA,NA,NA,NA,NA,NA,NA,NA,NA,NA,NA,NA,NA,2.08,17197,16.18,6.409,4.474,0.6572,6.934,8.533,NA,NA,NA,NA,0,0,0,0,0,0,0,0,0.890564692,1,1.28366592,1,1.296753277,1,1.040757684,1,3,3,0.44418,2,3,BUS,BUS,Eastern,0,0,0,0
BUS-052,12,8,21,2,4,1.15,8/12/2021,13:59,8/13/2021,13:45,13H 59M 0S,13H 45M 0S,8/12/2021 13:59,8/13/2021 13:45,23.76666667,0,0,0,0,0,0,0,0,2,1,0,2,0,0,0,0,0,0,1,1,0,0,0,0,0,0,0,0,0,0,0,0,NA,0,0,0,0,2,0,0,0,0,2,0,0,0,0,0,0,0,0,0,0,0,0,0,0,0,0,0,0,0,0,0,0,0,0,1,0,0,0,0,1,0,0,0,0,0,0,0,0,0,0,0,0,0,0,1,0,NA,NA,NA,NA,NA,NA,NA,NA,NA,NA,NA,NA,NA,NA,NA,NA,NA,NA,NA,NA,NA,NA,NA,NA,NA,NA,1.404,28506,4.669,7.965,4.33,1.812,5.969,7.488,NA,NA,NA,NA,0,0,0,0,0,0,0,0,1.088645318,1,1.005119918,1,0.965111857,1,0.962043843,1,3,3,0.30671,3,4,BUS,BUS,Eastern,0,0,0,0
BUS-053,16,8,21,1,7,1.2,8/16/2021,13:01,8/17/2021,13:00,13H 1M 0S,13H 0M 0S,8/16/2021 13:01,8/17/2021 13:00,23.98333333,0,0,0,0,0,2,0,0,2,2,0,2,0,0,0,0,0,0,2,2,0,0,0,0,0,NA,0,0,0,NA,0,0,0,0,0,0,0,2,0,0,0,0,2,0,0,0,0,0,0,0,0,0,0,0,0,0,0,0,0,0,0,0,0,0,0,0,0,0,0,0,0,0,0,0,0,0,0,0,0,0,0,0,0,0,0,0,0,0,NA,NA,NA,NA,NA,NA,NA,NA,NA,NA,NA,NA,NA,NA,NA,NA,NA,NA,NA,NA,NA,NA,NA,NA,NA,NA,NA,5.483,27089,6.968,10.06,9.412,0.6436,8.708,17.74,16-Aug-21,1,0,5.64,0,0,0,0,0,0,0,0,1.000275912,1,1.2574443,1,1.143440241,1,1.219182904,1,2,2,0,2,2,BUS,BUS,Eastern,0,0,0,0
BUS-054,16,8,21,2,3.5,1.45,8/16/2021,14:20,8/17/2021,13:00,14H 20M 0S,13H 0M 0S,8/16/2021 14:20,8/17/2021 13:00,22.66666667,0,0,0,0,0,1,0,0,2,2,0,2,0,0,0,0,0,0,1,0,0,0,0,0,0,NA,0,0,0,NA,0,0,0,0,0,0,0,2,1,0,0,0,2,0,0,0,0,1,0,0,0,0,0,0,0,0,0,0,0,0,0,0,0,0,0,0,0,0,0,0,0,0,1,0,1,0,0,0,0,0,0,1,0,0,0,0,0,1,NA,NA,NA,NA,NA,NA,NA,NA,NA,NA,NA,NA,NA,NA,NA,NA,NA,NA,NA,NA,NA,NA,NA,NA,NA,NA,NA,2.434,21064,8.146,11.19,4.037,0.4057,8.123,8.617,16-Aug-21,1,1,5.74,0,0,0,0,0,0,0,0,0.972504714,1,1.261482458,1,1.132692376,1,1.040914542,1,5,5,0.48957,4,5,BUS,BUS,Eastern,0,0,0,0
PAT-001,27,5,21,2,32,0.5,5/27/2021,12:13,NA,,12H 13M 0S,NA,5/27/2021 12:13,NA,NA,NA,NA,NA,NA,NA,NA,NA,NA,NA,NA,NA,NA,NA,NA,NA,NA,NA,NA,NA,NA,NA,NA,NA,NA,NA,NA,NA,NA,NA,NA,NA,NA,NA,NA,NA,NA,NA,NA,NA,NA,NA,NA,NA,NA,NA,NA,NA,NA,NA,NA,NA,NA,NA,NA,NA,NA,NA,NA,NA,NA,NA,NA,NA,NA,NA,NA,NA,NA,NA,NA,NA,NA,NA,NA,NA,NA,NA,NA,NA,NA,NA,NA,NA,NA,NA,NA,NA,NA,NA,NA,NA,NA,NA,NA,NA,NA,NA,NA,NA,NA,NA,NA,NA,NA,NA,NA,NA,NA,NA,NA,NA,NA,NA,NA,NA,NA,NA,NA,NA,NA,NA,NA,NA,27-May-21,1,0,NA,NA,NA,NA,NA,NA,NA,NA,NA,NA,NA,NA,NA,NA,NA,NA,NA,NA,NA,NA,NA,NA,PAT,PAT,Northern,NA,NA,NA,NA
PAT-002,27,5,21,2,25,0.5,5/27/2021,,NA,,NA,NA,NA,NA,NA,NA,NA,NA,NA,NA,NA,NA,NA,NA,NA,NA,NA,NA,NA,NA,NA,NA,NA,NA,NA,NA,NA,NA,NA,NA,NA,NA,NA,NA,NA,NA,NA,NA,NA,NA,NA,NA,NA,NA,NA,NA,NA,NA,NA,NA,NA,NA,NA,NA,NA,NA,NA,NA,NA,NA,NA,NA,NA,NA,NA,NA,NA,NA,NA,NA,NA,NA,NA,NA,NA,NA,NA,NA,NA,NA,NA,NA,NA,NA,NA,NA,NA,NA,NA,NA,NA,NA,NA,NA,NA,NA,NA,NA,NA,NA,NA,NA,NA,NA,NA,NA,NA,NA,NA,NA,NA,NA,NA,NA,NA,NA,NA,NA,NA,NA,NA,NA,NA,NA,NA,NA,NA,NA,27-May-21,1,1,3.87,NA,NA,NA,NA,NA,NA,NA,NA,NA,NA,NA,NA,NA,NA,NA,NA,NA,NA,NA,NA,NA,PAT,PAT,Northern,NA,NA,NA,NA
PAT-003,1,6,21,2,25,1.7,6/1/2021,13:40,6/2/2021,12:22,13H 40M 0S,12H 22M 0S,6/1/2021 13:40,6/2/2021 12:22,22.7,0,0,0,0,0,0,0,0,2,2,0,2,0,0,0,0,0,0,1,0,0,0,0,0,0,0,0,0,0,NA,0,0,0,0,0,0,0,2,0,0,0,0,2,0,0,0,0,0,0,0,0,0,0,0,0,0,0,0,0,0,NA,1,0,0,NA,0,0,NA,0,0,0,0,1,0,NA,0,0,NA,NA,0,0,0,NA,0,0,0,0,0,NA,NA,NA,0,NA,NA,NA,NA,NA,NA,NA,NA,NA,0,0,0,0,0,0,0,0,0,0,0,0,0,0,NA,NA,NA,NA,NA,NA,NA,NA,1-Jun-21,1,1,2.51,1,0,0,1,0,0,NA,1,1.093146004,1,0.981025904,1,0.810710033,1,0.972250929,1,3,3,0.12554,3,3,PAT,PAT,Northern,NA,1,1,1
PAT-004,1,6,21,2,15,0.7,6/1/2021,13:52,6/2/2021,12:22,13H 52M 0S,12H 22M 0S,6/1/2021 13:52,6/2/2021 12:22,22.5,0,0,0,0,0,0,NA,0,2,2,0,NA,NA,0,0,0,0,0,0,0,0,NA,0,0,0,0,0,0,0,NA,0,0,NA,0,0,0,0,2,0,0,0,0,2,0,0,NA,0,0,NA,0,0,0,0,0,0,0,0,0,0,0,NA,1,0,0,NA,0,0,NA,0,0,0,0,1,0,NA,0,0,NA,NA,0,0,0,NA,0,0,NA,0,0,NA,NA,NA,0,NA,NA,NA,NA,NA,NA,NA,NA,NA,0,0,0,0,0,0,0,NA,0,0,0,0,0,0,1.337,15060,4.648,13.19,54.85,0.9091,9.131,11.4,1-Jun-21,1,1,1.57,0,0,0,1,0,0,NA,1,NA,NA,NA,NA,NA,NA,NA,NA,2,2,0,2,2,PAT,PAT,Northern,0,1,1,1
PAT-005,1,6,21,1,14,2.1,6/1/2021,14:00,6/2/2021,12:22,14H 0M 0S,12H 22M 0S,6/1/2021 14:00,6/2/2021 12:22,22.36666667,0,0,0,0,0,0,0,0,2,2,0,2,0,0,0,0,0,0,0,0,0,0,0,0,0,0,0,0,0,NA,0,0,0,0,0,0,0,2,0,0,0,0,2,0,0,0,0,0,0,0,0,0,0,0,0,0,0,0,0,0,NA,0,0,0,NA,0,0,NA,0,0,0,0,0,0,NA,0,0,NA,NA,0,0,0,NA,0,0,0,0,0,NA,NA,NA,0,NA,NA,NA,NA,NA,NA,NA,NA,NA,0,0,0,0,0,0,0,0,0,0,0,0,0,0,0.43,28620,13.74,11.93,3.26,3.87,27.08,6.56,1-Jun-21,1,1,5.82,0,0,0,0,0,0,0,0,1.098034603,1,0.970658126,1,0.802515908,1,0.987676996,1,2,2,0,2,2,PAT,PAT,Northern,0,0,0,0
PAT-006,1,6,21,1,4,1.2,6/1/2021,14:10,6/2/2021,12:22,14H 10M 0S,12H 22M 0S,6/1/2021 14:10,6/2/2021 12:22,22.2,0,0,0,0,0,0,0,0,2,2,0,2,0,0,0,0,0,0,1,0,0,0,0,0,0,0,0,0,0,NA,0,0,0,0,0,0,0,2,0,0,0,0,2,0,0,0,0,0,0,0,0,0,0,0,0,0,0,0,0,0,NA,0,0,0,NA,0,0,NA,0,0,0,0,1,0,NA,0,0,NA,NA,0,0,0,NA,0,0,0,0,0,NA,NA,NA,0,NA,NA,NA,NA,NA,NA,NA,NA,NA,0,0,0,0,0,0,0,0,0,0,0,0,0,0,1.43,16497,5.34,11.29,5.56,1.07,5.86,8.68,1-Jun-21,1,1,0.85,0,0,0,0,0,0,0,0,1.009582295,1,0.856149979,1,NA,NA,NA,NA,2,2,0,2,2,PAT,PAT,Northern,0,0,0,0
PAT-007,4,6,21,1,4,2.5,6/4/2021,11:56,6/5/2021,14:20,11H 56M 0S,14H 20M 0S,6/4/2021 11:56,6/5/2021 14:20,26.4,0,0,0,0,0,1,0,0,2,2,0,2,0,0,0,0,0,0,0,0,0,0,0,0,0,0,0,0,0,NA,0,0,0,0,0,0,0,2,0,0,0,0,1,0,0,0,0,0,0,0,0,0,1,0,0,1,0,0,0,0,NA,0,0,0,NA,0,0,NA,0,0,0,0,1,0,NA,0,0,NA,NA,0,0,0,NA,0,0,0,0,0,NA,NA,NA,0,NA,NA,NA,NA,NA,NA,NA,NA,NA,0,0,0,1,0,0,0,0,0,0,0,0,0,0,0.72,22223,7.8,11.9,1.87,2.58,14.13,6.5,4-Jun-21,1,1,1.78,0,0,0,0,0,0,0,0,1.066524493,1,1.021177545,1,0.821187431,1,1.055342056,1,3,3,0.18638,3,4,PAT,PAT,Northern,0,0,0,0
PAT-008,4,6,21,2,8,0.5,6/4/2021,12:15,6/5/2021,14:20,12H 15M 0S,14H 20M 0S,6/4/2021 12:15,6/5/2021 14:20,26.08333333,0,0,0,0,0,1,0,0,2,2,0,2,0,0,0,0,0,0,1,0,0,0,0,0,0,NA,0,0,0,0,0,0,NA,0,0,0,0,2,0,0,0,0,2,0,0,0,0,0,0,0,0,0,0,0,0,0,0,0,0,0,NA,1,0,0,NA,0,0,NA,0,0,0,0,1,0,NA,0,0,NA,NA,0,0,0,NA,0,0,0,0,0,0,NA,NA,0,NA,NA,NA,NA,NA,NA,NA,NA,NA,0,0,0,0,0,0,0,0,0,0,0,0,0,0,2.7,30440,48.49,20.26,3.56,5.63,35.82,10.68,4-Jun-21,1,1,0,0,0,0,1,0,0,NA,1,1.075941461,1,0.828944165,1,NA,NA,NA,NA,3,3,0.50025,3,4,PAT,PAT,Northern,1,1,1,1
PAT-009,4,6,21,2,13,1.5,6/4/2021,12:39,6/5/2021,14:20,12H 39M 0S,14H 20M 0S,6/4/2021 12:39,6/5/2021 14:20,25.68333333,0,0,0,0,0,0,0,0,2,2,0,2,0,0,0,0,0,0,2,1,0,0,0,0,0,0,0,0,0,0,0,0,NA,0,0,0,0,2,0,0,0,0,2,0,0,0,0,0,0,0,0,0,0,0,0,0,0,0,1,0,NA,0,0,0,NA,0,0,NA,0,0,1,0,1,0,NA,0,0,NA,NA,0,0,0,NA,0,0,0,0,0,0,NA,NA,0,NA,NA,NA,NA,NA,NA,NA,NA,NA,0,0,0,0,0,0,0,0,0,0,0,0,0,0,1.71,19892,12.11,14.36,4.09,3.01,14.64,9.99,4-Jun-21,1,1,1.22,0,0,0,0,0,0,0,0,0.993155907,1,0.996592794,1,0.821564952,1,0.829817634,1,3,3,0.08929,3,3,PAT,PAT,Northern,0,0,0,0
PAT-010,4,6,21,1,18,0.3,6/4/2021,12:58,6/5/2021,14:20,12H 58M 0S,14H 20M 0S,6/4/2021 12:58,6/5/2021 14:20,25.36666667,0,0,0,0,0,NA,NA,0,2,2,0,NA,NA,0,0,NA,0,0,2,0,0,NA,NA,NA,NA,NA,NA,NA,NA,NA,NA,NA,NA,NA,NA,NA,0,NA,0,NA,NA,NA,NA,NA,NA,NA,0,NA,0,0,0,0,0,0,0,0,0,0,0,0,NA,0,0,0,NA,0,0,NA,0,0,0,0,1,0,NA,0,0,NA,NA,0,0,0,NA,0,0,NA,NA,0,NA,NA,NA,0,NA,NA,NA,NA,NA,NA,NA,NA,NA,0,0,0,0,0,0,0,0,0,0,0,0,0,0,NA,NA,NA,NA,NA,NA,NA,NA,4-Jun-21,1,1,1.51,0,0,0,0,0,0,0,0,NA,NA,NA,NA,NA,NA,NA,NA,2,2,0.0447,2,2,PAT,PAT,Northern,NA,0,0,0
PAT-011,4,6,21,2,11,0.3,6/4/2021,13:16,6/5/2021,14:20,13H 16M 0S,14H 20M 0S,6/4/2021 13:16,6/5/2021 14:20,25.06666667,0,0,0,0,NA,NA,NA,0,2,2,NA,NA,NA,NA,0,NA,NA,0,NA,0,NA,NA,NA,NA,NA,NA,NA,NA,NA,NA,NA,NA,NA,NA,NA,NA,NA,NA,0,0,0,NA,NA,NA,NA,NA,NA,NA,NA,0,0,0,0,NA,NA,NA,NA,NA,NA,0,NA,2,0,NA,NA,NA,NA,NA,NA,NA,0,0,0,0,NA,0,0,NA,NA,NA,0,0,NA,NA,0,NA,NA,NA,NA,NA,NA,NA,NA,NA,NA,NA,NA,NA,NA,NA,NA,0,0,0,0,0,NA,0,0,0,NA,0,0,NA,NA,NA,NA,NA,NA,NA,NA,NA,NA,4-Jun-21,1,0,NA,2,0,0,2,0,0,NA,1,NA,NA,NA,NA,NA,NA,NA,NA,2,2,0.07727,2,2,PAT,PAT,Northern,NA,1,2,2
PAT-012,4,6,21,1,15,0.6,6/4/2021,13:25,6/5/2021,14:20,13H 25M 0S,14H 20M 0S,6/4/2021 13:25,6/5/2021 14:20,24.91666667,0,0,0,0,0,1,0,0,2,2,0,2,0,0,0,0,0,0,1,1,0,0,0,0,0,0,0,0,0,0,0,0,0,0,0,0,0,1,0,0,0,0,1,0,0,0,0,0,0,0,0,0,0,0,0,0,1,0,0,0,NA,1,0,0,NA,0,0,NA,0,0,1,0,1,0,NA,0,0,NA,NA,0,0,0,NA,0,0,0,0,0,0,NA,NA,0,NA,NA,NA,NA,NA,NA,NA,NA,NA,0,0,0,0,0,0,0,0,0,0,0,0,0,0,0.54,20512,9.03,11.86,2.82,3.34,26.07,5.25,4-Jun-21,1,1,3.41,0,0,0,1,0,0,NA,1,1.071148677,1,1.021070508,1,0.894947208,1,NA,NA,5,5,0.47888,4,5,PAT,PAT,Northern,0,1,1,1
PAT-013,10,6,21,2,19,0.2,6/10/2021,12:26,6/11/2021,14:40,12H 26M 0S,14H 40M 0S,6/10/2021 12:26,6/11/2021 14:40,26.23333333,0,0,0,0,0,NA,NA,NA,NA,NA,NA,NA,NA,NA,0,NA,NA,0,NA,NA,NA,NA,NA,NA,NA,NA,NA,NA,NA,NA,NA,NA,NA,NA,NA,NA,NA,NA,NA,NA,NA,NA,NA,NA,NA,NA,NA,NA,0,0,0,0,0,0,0,NA,NA,NA,NA,0,NA,0,0,0,NA,0,NA,NA,0,NA,0,0,0,0,NA,0,0,NA,NA,NA,0,NA,NA,0,NA,NA,0,NA,NA,NA,NA,NA,NA,NA,NA,NA,NA,NA,NA,NA,NA,0,0,0,0,0,NA,NA,NA,NA,NA,0,NA,NA,0,NA,NA,NA,NA,NA,NA,NA,NA,10-Jun-21,0,0,NA,0,0,0,0,0,0,0,0,NA,NA,NA,NA,NA,NA,NA,NA,2,2,0,2,2,PAT,PAT,Northern,NA,0,0,0
PAT-014,10,6,21,2,11,0.32,6/10/2021,12:35,6/11/2021,14:40,12H 35M 0S,14H 40M 0S,6/10/2021 12:35,6/11/2021 14:40,26.08333333,0,0,0,0,0,1,NA,0,2,1,0,2,0,0,0,0,0,0,2,0,0,NA,0,0,0,0,0,0,0,0,0,0,NA,0,0,0,0,2,0,0,0,0,2,0,0,0,0,0,0,1,0,0,0,0,0,0,0,0,0,0,0,0,0,0,NA,1,0,0,0,0,0,0,0,0,0,0,0,0,0,0,0,0,0,0,0,NA,0,0,0,NA,NA,0,NA,NA,NA,NA,NA,NA,NA,NA,NA,0,0,0,0,0,0,0,0,0,0,0,0,0,0,NA,NA,NA,NA,NA,NA,NA,NA,10-Jun-21,1,1,2.08,0,2,0,0,0,1,NA,NA,0.839989092,1,NA,NA,NA,NA,NA,NA,2,2,0.17873,2,3,PAT,PAT,Northern,NA,0,NA,0
PAT-015,10,6,21,1,16,0.99,6/10/2021,13:10,6/11/2021,14:40,13H 10M 0S,14H 40M 0S,6/10/2021 13:10,6/11/2021 14:40,25.5,0,0,0,0,0,2,0,0,2,2,0,2,0,0,0,0,0,0,0,0,0,0,0,0,0,NA,0,0,0,NA,0,0,NA,0,0,0,0,2,0,0,0,0,2,0,0,0,0,0,0,0,0,0,0,0,0,0,2,0,0,0,NA,0,0,0,NA,0,0,NA,0,0,0,0,0,0,NA,0,0,NA,NA,0,0,0,NA,0,0,0,0,0,NA,NA,NA,0,NA,NA,NA,NA,NA,NA,NA,NA,NA,0,0,0,0,0,0,0,0,0,0,0,0,0,0,4.33,26145,35.24,10.7,4.616,4.325,14.54,11.58,10-Jun-21,1,1,0.77,0,0,0,0,0,0,0,0,1.111878348,1,1.006811156,1,1.008174972,1,0.991664284,1,2,2,0,2,2,PAT,PAT,Northern,1,0,0,0
PAT-016,10,6,21,1,1.42,0.97,6/10/2021,13:43,6/11/2021,14:40,13H 43M 0S,14H 40M 0S,6/10/2021 13:43,6/11/2021 14:40,24.95,0,0,0,0,0,2,0,0,2,2,0,2,0,0,0,0,0,0,2,0,0,0,0,0,0,0,0,0,0,0,0,0,0,0,0,0,0,2,0,0,0,0,2,0,0,0,0,0,0,0,0,0,0,0,0,0,0,0,0,0,NA,0,0,0,NA,0,0,NA,0,0,0,0,0,0,NA,0,0,NA,NA,0,0,0,NA,0,0,0,0,0,0,NA,NA,0,NA,NA,NA,NA,NA,NA,NA,NA,NA,0,0,0,0,0,0,0,0,0,0,0,0,0,0,0.5933,20417,14.61,7.007,1.615,1.615,6.751,4.691,10-Jun-21,1,1,0,0,0,0,0,0,0,0,0,1.055930486,1,0.926474666,1,NA,NA,NA,NA,2,2,0,2,2,PAT,PAT,Northern,0,0,0,0
PAT-017,10,6,21,1,4.42,6.1,6/10/2021,14:08,6/11/2021,14:40,14H 8M 0S,14H 40M 0S,6/10/2021 14:08,6/11/2021 14:40,24.53333333,0,0,0,0,0,0,0,0,2,2,0,2,0,0,0,0,0,0,2,0,0,NA,0,0,0,0,0,0,0,NA,0,0,NA,0,0,0,0,2,0,0,0,0,2,0,0,0,0,0,0,0,0,0,0,0,0,0,0,0,0,0,NA,0,0,0,NA,0,0,NA,0,0,0,0,0,0,NA,1,0,NA,NA,0,0,0,NA,0,0,0,0,0,NA,NA,NA,0,NA,NA,NA,NA,NA,NA,NA,NA,NA,0,0,0,0,0,0,0,0,0,0,0,0,0,0,0.91,26274,12.31,9.54,4.17,3.44,10.09,9.89,10-Jun-21,1,1,1.67,0,0,0,0,0,0,0,0,1.136900845,1,0.945901604,1,0.929325981,1,0.981132325,1,2,2,0,2,2,PAT,PAT,Northern,0,0,0,0
PAT-018,10,6,21,1,7,0.27,6/10/2021,14:17,6/11/2021,14:40,14H 17M 0S,14H 40M 0S,6/10/2021 14:17,6/11/2021 14:40,24.38333333,0,0,0,0,0,0,NA,NA,NA,NA,0,NA,NA,0,0,0,0,0,2,0,0,NA,NA,NA,NA,0,0,NA,NA,NA,0,NA,NA,NA,0,NA,NA,NA,0,0,0,NA,2,NA,NA,NA,0,0,NA,0,0,0,0,0,0,0,0,0,0,0,NA,0,0,0,NA,0,0,NA,0,0,0,0,2,0,NA,0,0,NA,NA,0,0,0,NA,0,0,NA,0,0,NA,NA,NA,0,NA,NA,NA,NA,NA,NA,NA,NA,NA,0,0,0,0,0,0,0,0,0,0,0,0,0,0,NA,NA,NA,NA,NA,NA,NA,NA,10-Jun-21,1,1,0,0,0,0,0,0,0,0,0,NA,NA,NA,NA,NA,NA,NA,NA,1,1,0,1,1,PAT,PAT,Northern,NA,0,0,0
PAT-019,10,6,21,2,23,1.1,6/10/2021,14:35,6/11/2021,14:40,14H 35M 0S,14H 40M 0S,6/10/2021 14:35,6/11/2021 14:40,24.08333333,0,0,0,0,0,0,0,0,2,2,0,2,0,0,0,0,0,0,2,0,0,0,0,0,0,0,0,0,0,NA,0,0,0,0,0,0,0,2,0,0,0,0,2,0,0,0,0,0,0,0,0,0,0,0,0,0,0,0,0,0,NA,0,0,0,NA,0,0,NA,0,0,0,0,0,0,NA,0,0,NA,NA,0,0,0,NA,0,0,0,0,0,NA,NA,NA,0,NA,NA,NA,NA,NA,NA,NA,NA,NA,0,0,0,0,0,0,0,0,0,0,0,0,0,0,1.05,30265,14.08,8.74,4.16,3.59,12.11,6.89,10-Jun-21,1,1,7.27,0,0,0,0,0,0,0,0,1.100498621,1,0.989380582,1,0.897545448,1,1.045926885,1,2,2,0,2,2,PAT,PAT,Northern,0,0,0,0
PAT-020,14,6,21,1,13,1.2,6/14/2021,10:51,6/15/2021,14:45,10H 51M 0S,14H 45M 0S,6/14/2021 10:51,6/15/2021 14:45,27.9,0,0,0,0,0,0,0,0,2,2,0,2,0,0,0,0,0,0,2,0,0,0,0,0,0,NA,0,0,0,0,0,0,0,0,0,0,0,2,0,0,0,0,2,0,0,0,0,0,0,0,0,0,0,0,0,0,0,1,0,0,NA,0,0,0,NA,0,0,NA,0,0,0,0,0,0,NA,0,0,NA,NA,0,0,0,NA,0,0,0,0,0,0,NA,NA,0,NA,NA,NA,NA,NA,NA,NA,NA,NA,0,0,0,0,0,0,0,0,0,0,0,0,0,0,0.29,20200,6.63,10.58,6.77,1.31,2.24,5.19,14-Jun-21,1,1,2.76,0,0,0,0,0,0,0,0,1.015585398,1,0.906888259,1,0.885172915,1,0.945107024,1,2,2,0,2,2,PAT,PAT,Northern,0,0,0,0
PAT-021,14,6,21,2,7,1.1,6/14/2021,12:00,6/15/2021,14:45,12H 0M 0S,14H 45M 0S,6/14/2021 12:00,6/15/2021 14:45,26.75,0,0,0,0,0,1,0,0,2,1,0,2,0,0,0,0,0,0,1,0,0,0,0,0,0,0,0,0,0,0,0,0,0,0,0,0,0,2,0,0,0,0,2,0,0,0,0,0,0,0,1,0,0,0,0,0,0,0,0,0,NA,0,0,0,NA,0,0,NA,0,0,0,0,0,0,NA,0,0,NA,NA,0,0,0,NA,0,0,0,0,0,0,NA,NA,0,NA,NA,NA,NA,NA,NA,NA,NA,NA,0,0,0,0,0,0,0,0,0,0,0,0,0,0,0.72,23400,14.69,14.3,11.13,2.58,11.55,7.31,14-Jun-21,1,1,7.37,0,0,0,0,1,0,1,NA,1.068477497,1,0.988078241,1,0.940595119,1,1.083314185,1,4,4,0.42607,3,4,PAT,PAT,Northern,0,2,NA,3
PAT-022,14,6,21,2,16,1.8,6/14/2021,13:05,6/15/2021,14:45,13H 5M 0S,14H 45M 0S,6/14/2021 13:05,6/15/2021 14:45,25.66666667,0,0,0,0,0,0,0,0,2,2,0,2,0,0,0,0,0,0,0,0,0,0,0,0,0,0,0,0,0,NA,0,0,0,0,0,0,0,2,0,0,0,0,2,0,0,0,0,0,0,0,0,0,0,0,0,0,0,0,0,0,NA,2,0,0,NA,0,0,NA,0,0,0,0,0,0,NA,0,0,NA,NA,0,0,0,NA,0,0,0,0,0,NA,NA,NA,0,NA,NA,NA,NA,NA,NA,NA,NA,NA,0,0,0,0,0,0,0,0,0,0,0,0,0,0,0.4,11920,16.81,14.63,9.58,3.45,18.2,8.12,14-Jun-21,1,1,8.44,2,0,0,2,0,0,NA,1,1.101772405,1,1.029231512,1,0.877993212,1,1.022845569,1,2,2,0,2,2,PAT,PAT,Northern,0,1,2,2
PAT-023,14,6,21,1,14,2,6/14/2021,13:15,6/15/2021,14:45,13H 15M 0S,14H 45M 0S,6/14/2021 13:15,6/15/2021 14:45,25.5,0,0,0,0,1,1,0,0,2,1,0,2,0,0,0,0,0,0,0,1,0,0,0,0,0,0,0,0,0,0,0,0,0,0,0,0,0,2,0,0,0,0,2,0,0,0,0,0,0,0,0,0,1,0,0,0,1,0,0,0,NA,0,0,0,NA,0,0,NA,0,0,1,1,0,0,NA,0,0,NA,NA,0,0,0,NA,0,0,0,0,0,0,NA,NA,0,NA,NA,NA,NA,NA,NA,NA,NA,NA,0,0,0,0,0,0,0,0,0,0,0,0,0,0,2.42,22520,37.88,15.07,7.23,1.75,7.39,12.27,14-Jun-21,1,1,0.35,0,0,0,0,0,0,0,0,1.101817403,1,1.023057989,1,0.794510808,1,1.027227064,1,5,5,0.34899,4,6,PAT,PAT,Northern,1,0,0,0
PAT-024,14,6,21,2,4,1.3,6/14/2021,13:40,6/15/2021,14:45,13H 40M 0S,14H 45M 0S,6/14/2021 13:40,6/15/2021 14:45,25.08333333,0,0,0,0,0,1,0,0,2,2,0,2,0,0,0,0,0,0,1,0,0,0,0,0,0,0,0,0,0,0,0,0,0,0,0,0,0,2,0,0,0,0,2,0,0,0,0,0,0,0,0,0,0,0,0,0,0,1,0,0,NA,0,0,0,NA,0,0,NA,0,0,0,0,1,0,NA,0,0,NA,NA,0,0,0,NA,0,0,0,0,0,0,NA,NA,0,NA,NA,NA,NA,NA,NA,NA,NA,NA,0,0,0,0,0,0,0,0,0,0,0,0,0,0,2.67,13620,20,15.1,8.81,2.31,10.94,12.22,14-Jun-21,1,1,0.56,0,0,0,0,0,0,0,0,1.031424779,1,0.940612522,1,0.739572201,1,1.022279357,1,2,2,0.47428,2,3,PAT,PAT,Northern,0,0,0,0
PAT-025,14,6,21,2,9,3.8,6/14/2021,14:15,6/15/2021,14:45,14H 15M 0S,14H 45M 0S,6/14/2021 14:15,6/15/2021 14:45,24.5,0,0,0,0,0,0,0,0,2,2,0,2,0,0,0,0,0,0,1,0,0,0,0,0,0,NA,0,0,0,NA,0,0,0,0,0,0,0,2,0,0,0,0,2,0,0,0,0,0,0,0,0,0,0,0,0,0,0,1,0,0,NA,2,0,0,NA,0,0,NA,0,0,0,0,0,0,NA,0,0,NA,NA,0,0,0,NA,0,0,0,0,0,NA,NA,NA,0,NA,NA,NA,NA,NA,NA,NA,NA,NA,0,0,0,0,0,0,0,0,0,0,0,0,0,0,0.44,18930,14.88,8.08,6.63,4.17,17.23,6.76,14-Jun-21,1,1,14.32,2,0,0,2,0,0,NA,1,1.106100128,1,0.967000118,1,1.018628119,1,0.990744951,1,2,2,0.13302,2,2,PAT,PAT,Northern,0,1,2,2
PAT-026,14,6,21,2,9,0.9,6/14/2021,14:20,6/15/2021,14:45,14H 20M 0S,14H 45M 0S,6/14/2021 14:20,6/15/2021 14:45,24.41666667,0,0,0,0,0,NA,NA,NA,NA,NA,NA,NA,NA,0,0,NA,NA,0,NA,0,NA,NA,NA,NA,NA,0,NA,NA,NA,NA,NA,NA,NA,NA,NA,NA,NA,NA,NA,NA,NA,NA,NA,NA,NA,NA,0,NA,NA,0,0,0,0,0,0,NA,NA,NA,NA,0,NA,2,0,0,NA,0,NA,NA,0,NA,0,0,0,0,NA,0,0,NA,NA,NA,0,0,NA,NA,0,NA,NA,0,NA,NA,NA,NA,NA,NA,NA,NA,NA,NA,NA,NA,NA,0,0,0,0,0,NA,0,0,0,NA,0,0,NA,0,0.74,18230,36.91,17.08,8.29,2.09,15.81,10.14,14-Jun-21,1,1,3.21,2,0,0,2,0,0,NA,1,NA,NA,NA,NA,NA,NA,NA,NA,2,2,0,2,2,PAT,PAT,Northern,1,1,2,2
PAT-027,21,6,21,2,11,3.1,6/21/2021,11:05,6/22/2021,13:20,11H 5M 0S,13H 20M 0S,6/21/2021 11:05,6/22/2021 13:20,26.25,0,0,0,0,1,0,0,0,2,2,0,2,0,0,0,0,0,0,NA,0,0,0,0,0,0,NA,0,0,0,NA,0,0,0,0,0,0,0,1,0,0,0,0,1,0,0,0,0,0,0,0,0,0,0,0,0,0,0,1,0,0,NA,1,0,0,NA,0,0,NA,0,0,0,0,0,0,NA,0,0,NA,NA,0,0,0,NA,0,0,0,0,0,NA,NA,NA,0,NA,NA,NA,NA,NA,NA,NA,NA,NA,0,0,0,0,0,0,0,0,0,0,0,0,0,0,5.9,27930,44.32,18.26,14.81,3.66,6.97,24.75,21-Jun-21,1,1,1.35,2,0,0,1,0,0,NA,1,1.073458949,1,0.95077398,1,0.951170768,1,1.041491894,1,3,3,0.48513,3,4,PAT,PAT,Northern,1,1,1,1
PAT-028,21,6,21,2,13,0.2,6/21/2021,11:54,6/22/2021,13:20,11H 54M 0S,13H 20M 0S,6/21/2021 11:54,6/22/2021 13:20,25.43333333,0,0,0,0,0,0,0,0,2,0,0,2,0,0,0,0,0,0,2,0,0,NA,0,0,0,0,0,0,0,NA,0,0,NA,0,0,0,0,2,0,0,0,0,2,0,0,0,0,0,0,0,0,0,0,0,0,0,0,0,0,0,NA,0,0,0,NA,0,0,NA,0,2,0,0,0,0,NA,0,0,NA,NA,0,0,0,NA,0,0,0,0,0,NA,NA,NA,0,NA,NA,NA,NA,NA,NA,NA,NA,NA,0,0,0,0,0,0,0,0,0,0,0,0,0,0,NA,NA,NA,NA,NA,NA,NA,NA,21-Jun-21,1,1,4.33,0,0,0,0,0,0,0,0,NA,NA,NA,NA,NA,NA,NA,NA,2,2,0,2,2,PAT,PAT,Northern,NA,0,0,0
PAT-029,21,6,21,2,8,0.25,6/21/2021,12:38,6/22/2021,13:20,12H 38M 0S,13H 20M 0S,6/21/2021 12:38,6/22/2021 13:20,24.7,0,0,0,0,0,0,0,0,2,2,0,2,0,0,0,0,0,0,0,0,2,NA,NA,0,0,2,0,0,0,0,0,NA,NA,NA,0,0,0,2,2,0,0,0,2,0,0,0,0,0,0,0,0,0,0,0,0,0,0,1,0,0,0,0,0,0,NA,0,0,0,0,0,0,0,0,0,0,0,0,0,0,0,0,0,0,0,0,0,0,0,NA,NA,NA,0,NA,NA,NA,NA,NA,NA,NA,NA,NA,0,0,0,0,0,0,0,0,0,0,0,0,0,0,5.6,19457,10.3,249.8,10.63,1.52,7.7,33.03,21-Jun-21,1,1,0,0,0,0,0,0,0,0,0,0.800822568,1,0.908524898,1,NA,NA,NA,NA,2,2,0,2,2,PAT,PAT,Northern,0,0,0,0
PAT-030,21,6,21,1,3,0.96,6/21/2021,12:48,6/22/2021,13:20,12H 48M 0S,13H 20M 0S,6/21/2021 12:48,6/22/2021 13:20,24.53333333,0,0,0,0,0,1,0,0,2,2,0,2,0,0,0,0,0,0,1,0,0,0,0,0,0,0,0,0,0,NA,0,0,NA,0,0,0,0,2,0,0,0,0,2,0,0,0,0,0,0,0,0,0,0,0,0,0,0,0,0,0,NA,0,0,0,NA,0,0,NA,0,0,0,0,1,0,NA,0,0,NA,NA,0,0,0,NA,0,0,0,0,0,NA,NA,NA,0,NA,NA,NA,NA,NA,NA,NA,NA,NA,0,0,0,0,0,0,0,0,0,0,0,0,0,0,2.18,12894,18.44,11.86,9.14,5.8,6.82,12.31,21-Jun-21,1,1,43.08,0,0,0,0,0,0,0,0,1.116242306,1,1.060477834,1,0.878811113,1,1.068030998,1,3,3,0.38768,3,4,PAT,PAT,Northern,0,0,0,0
PAT-031,21,6,21,2,4.5,0.96,6/21/2021,13:06,6/22/2021,13:20,13H 6M 0S,13H 20M 0S,6/21/2021 13:06,6/22/2021 13:20,24.23333333,0,0,0,0,0,0,0,0,2,2,0,2,0,0,0,0,0,0,2,1,0,0,0,0,0,0,0,0,0,NA,0,0,0,0,0,0,0,2,0,0,0,0,2,0,0,0,0,0,0,0,0,0,0,0,0,0,0,1,0,0,NA,1,0,0,NA,0,0,NA,0,0,0,0,0,0,NA,0,0,NA,NA,0,0,0,NA,0,0,0,0,0,NA,NA,NA,0,NA,NA,NA,NA,NA,NA,NA,NA,NA,0,0,0,0,0,0,0,0,0,0,0,0,0,0,NA,NA,NA,NA,NA,NA,NA,NA,21-Jun-21,1,0,0,2,0,0,1,0,0,NA,1,1.097687854,1,1.013632361,1,0.918778242,1,1.141357781,1,3,3,0.49639,2,3,PAT,PAT,Northern,NA,1,1,1
PAT-032,29,6,21,2,9,0.2,6/29/2021,13:48,6/30/2021,11:22,13H 48M 0S,11H 22M 0S,6/29/2021 13:48,6/30/2021 11:22,21.56666667,NA,NA,NA,NA,NA,NA,NA,NA,NA,NA,NA,NA,NA,NA,NA,NA,NA,NA,NA,NA,NA,NA,NA,NA,NA,NA,NA,NA,NA,NA,NA,NA,NA,NA,NA,NA,NA,NA,NA,NA,NA,NA,NA,NA,NA,NA,NA,NA,NA,NA,NA,NA,NA,NA,NA,NA,NA,NA,NA,NA,NA,NA,NA,NA,NA,NA,NA,NA,NA,NA,NA,NA,NA,NA,NA,NA,NA,NA,NA,NA,NA,NA,NA,NA,NA,NA,NA,NA,NA,NA,NA,NA,NA,NA,NA,NA,NA,NA,NA,NA,NA,NA,NA,NA,NA,NA,NA,NA,NA,NA,NA,NA,NA,NA,NA,NA,NA,NA,NA,NA,NA,NA,NA,28-Jun-21,1,0,NA,NA,NA,NA,NA,NA,NA,NA,NA,NA,NA,NA,NA,NA,NA,NA,NA,NA,NA,NA,NA,NA,PAT,PAT,Northern,NA,NA,NA,NA
PAT-033,29,6,21,2,43,0.5,6/29/2021,14:00,6/30/2021,11:22,14H 0M 0S,11H 22M 0S,6/29/2021 14:00,6/30/2021 11:22,21.36666667,NA,NA,NA,NA,NA,NA,NA,NA,NA,NA,NA,NA,NA,NA,NA,NA,NA,NA,NA,NA,NA,NA,NA,NA,NA,NA,NA,NA,NA,NA,NA,NA,NA,NA,NA,NA,NA,NA,NA,NA,NA,NA,NA,NA,NA,NA,NA,NA,NA,NA,NA,NA,NA,NA,NA,NA,NA,NA,NA,NA,NA,NA,NA,NA,NA,NA,NA,NA,NA,NA,NA,NA,NA,NA,NA,NA,NA,NA,NA,NA,NA,NA,NA,NA,NA,NA,NA,NA,NA,NA,NA,NA,NA,NA,NA,NA,NA,NA,NA,NA,NA,NA,NA,NA,NA,NA,NA,NA,NA,NA,NA,NA,NA,NA,NA,4.75,30244,89.91,22.68,9.42,2.54,28.62,12.5,28-Jun-21,1,1,0.42,NA,NA,NA,NA,NA,NA,NA,NA,NA,NA,NA,NA,NA,NA,NA,NA,NA,NA,NA,NA,NA,PAT,PAT,Northern,1,NA,NA,NA
PAT-034,29,6,21,2,9,1.39,6/29/2021,14:34,6/30/2021,11:22,14H 34M 0S,11H 22M 0S,6/29/2021 14:34,6/30/2021 11:22,20.8,NA,NA,NA,NA,NA,NA,NA,NA,NA,NA,NA,NA,NA,NA,NA,NA,NA,NA,NA,NA,NA,NA,NA,NA,NA,NA,NA,NA,NA,NA,NA,NA,NA,NA,NA,NA,NA,NA,NA,NA,NA,NA,NA,NA,NA,NA,NA,NA,NA,NA,NA,NA,NA,NA,NA,NA,NA,NA,NA,NA,NA,NA,NA,NA,NA,NA,NA,NA,NA,NA,NA,NA,NA,NA,NA,NA,NA,NA,NA,NA,NA,NA,NA,NA,NA,NA,NA,NA,NA,NA,NA,NA,NA,NA,NA,NA,NA,NA,NA,NA,NA,NA,NA,NA,NA,NA,NA,NA,NA,NA,NA,NA,NA,NA,NA,2.57,17977,19.86,12.07,4.19,1.15,3.46,11.05,28-Jun-21,1,1,0.99,NA,NA,NA,NA,NA,NA,NA,NA,NA,NA,NA,NA,NA,NA,NA,NA,NA,NA,NA,NA,NA,PAT,PAT,Northern,0,NA,NA,NA
PAT-035,29,6,21,2,16,0.2,6/29/2021,14:44,6/30/2021,11:22,14H 44M 0S,11H 22M 0S,6/29/2021 14:44,6/30/2021 11:22,20.63333333,NA,NA,NA,NA,NA,NA,NA,NA,NA,NA,NA,NA,NA,NA,NA,NA,NA,NA,NA,NA,NA,NA,NA,NA,NA,NA,NA,NA,NA,NA,NA,NA,NA,NA,NA,NA,NA,NA,NA,NA,NA,NA,NA,NA,NA,NA,NA,NA,NA,NA,NA,NA,NA,NA,NA,NA,NA,NA,NA,NA,NA,NA,NA,NA,NA,NA,NA,NA,NA,NA,NA,NA,NA,NA,NA,NA,NA,NA,NA,NA,NA,NA,NA,NA,NA,NA,NA,NA,NA,NA,NA,NA,NA,NA,NA,NA,NA,NA,NA,NA,NA,NA,NA,NA,NA,NA,NA,NA,NA,NA,NA,NA,NA,NA,NA,NA,NA,NA,NA,NA,NA,NA,NA,28-Jun-21,1,0,NA,NA,NA,NA,NA,NA,NA,NA,NA,NA,NA,NA,NA,NA,NA,NA,NA,NA,NA,NA,NA,NA,PAT,PAT,Northern,NA,NA,NA,NA
PAT-036,29,6,21,1,12,0.32,6/29/2021,15:13,6/30/2021,11:22,15H 13M 0S,11H 22M 0S,6/29/2021 15:13,6/30/2021 11:22,20.15,NA,NA,NA,NA,NA,NA,NA,NA,NA,NA,NA,NA,NA,NA,NA,NA,NA,NA,NA,NA,NA,NA,NA,NA,NA,NA,NA,NA,NA,NA,NA,NA,NA,NA,NA,NA,NA,NA,NA,NA,NA,NA,NA,NA,NA,NA,NA,NA,NA,NA,NA,NA,NA,NA,NA,NA,NA,NA,NA,NA,NA,NA,NA,NA,NA,NA,NA,NA,NA,NA,NA,NA,NA,NA,NA,NA,NA,NA,NA,NA,NA,NA,NA,NA,NA,NA,NA,NA,NA,NA,NA,NA,NA,NA,NA,NA,NA,NA,NA,NA,NA,NA,NA,NA,NA,NA,NA,NA,NA,NA,NA,NA,NA,NA,NA,0.62,13903,16.02,8.62,2,0.78,4,4.72,28-Jun-21,1,1,0.69,NA,NA,NA,NA,NA,NA,NA,NA,NA,NA,NA,NA,NA,NA,NA,NA,NA,NA,NA,NA,NA,PAT,PAT,Northern,0,NA,NA,NA
PAT-037,2,7,21,2,1.17,0.91,7/2/2021,11:00,7/3/2021,14:00,11H 0M 0S,14H 0M 0S,7/2/2021 11:00,7/3/2021 14:00,27,0,0,0,0,0,0,0,0,2,2,0,2,0,0,0,0,0,0,2,0,0,NA,0,0,0,0,NA,0,0,NA,NA,0,NA,0,0,0,0,2,0,0,0,0,2,0,0,0,0,0,0,0,0,0,0,0,0,0,0,0,0,0,0,2,0,NA,NA,0,0,0,0,0,0,0,0,0,0,0,0,0,0,0,0,0,0,0,0,NA,0,0,NA,NA,NA,NA,NA,NA,NA,NA,NA,NA,NA,NA,NA,NA,NA,NA,NA,NA,NA,NA,NA,NA,NA,NA,NA,NA,NA,4.19,NA,43.25,10.98,17.93,6.91,38.59,14.11,2-Jul-21,1,1,12.59,2,0,0,2,0,0,NA,1,NA,NA,NA,NA,1.210508195,1,NA,NA,2,2,0,2,2,PAT,PAT,Northern,1,1,2,2
PAT-038,2,7,21,2,18,0.06,7/2/2021,11:10,7/3/2021,14:00,11H 10M 0S,14H 0M 0S,7/2/2021 11:10,7/3/2021 14:00,26.83333333,0,0,0,0,0,2,0,0,2,2,0,2,0,0,0,0,0,0,0,0,0,NA,0,0,0,0,NA,0,0,NA,NA,0,NA,0,0,0,0,2,0,0,0,0,2,0,0,0,0,0,0,0,0,0,0,0,0,NA,NA,NA,NA,0,0,0,0,NA,NA,0,NA,0,0,NA,0,0,2,0,0,0,0,0,0,NA,0,0,0,0,0,NA,0,0,NA,NA,NA,NA,NA,NA,NA,NA,NA,NA,NA,NA,NA,NA,NA,NA,NA,NA,NA,NA,NA,NA,NA,NA,NA,NA,NA,4.76,NA,41.09,11.02,5.88,1.84,21.56,12.21,2-Jul-21,1,1,0,0,0,0,0,0,0,0,0,0.889668974,1,NA,NA,NA,NA,NA,NA,2,2,0,2,2,PAT,PAT,Northern,1,0,0,0
PAT-039,2,7,21,2,24,1.23,7/2/2021,11:39,7/3/2021,14:00,11H 39M 0S,14H 0M 0S,7/2/2021 11:39,7/3/2021 14:00,26.35,0,0,0,0,0,0,NA,NA,2,2,NA,2,0,0,0,0,0,0,0,0,NA,NA,NA,NA,NA,NA,NA,NA,NA,NA,NA,NA,NA,NA,NA,NA,NA,NA,0,0,0,NA,2,NA,NA,0,0,0,0,0,0,NA,0,0,0,NA,NA,NA,NA,0,NA,2,0,NA,NA,0,NA,0,0,NA,0,0,0,0,0,NA,0,0,0,NA,0,NA,0,0,0,NA,0,NA,NA,NA,NA,NA,NA,NA,NA,NA,NA,NA,NA,NA,NA,NA,NA,NA,NA,NA,NA,NA,NA,NA,NA,NA,NA,NA,NA,1.77,NA,5.98,8.04,6.26,2.15,9.62,10.58,2-Jul-21,1,1,5.15,2,0,0,2,0,0,NA,1,NA,NA,NA,NA,NA,NA,NA,NA,2,2,0,2,2,PAT,PAT,Northern,0,1,2,2
PAT-040,2,7,21,1,7,1.4,7/2/2021,12:00,7/3/2021,14:00,12H 0M 0S,14H 0M 0S,7/2/2021 12:00,7/3/2021 14:00,26,0,0,0,0,0,0,0,0,2,2,2,2,0,0,0,0,0,0,0,0,NA,NA,0,0,0,NA,0,0,0,NA,0,0,NA,0,0,0,NA,2,0,0,0,0,2,0,0,0,0,0,0,0,0,0,0,0,0,NA,NA,NA,NA,0,0,2,0,NA,NA,0,NA,0,0,NA,0,0,0,0,0,0,0,0,0,NA,0,0,0,0,0,NA,0,0,NA,NA,NA,NA,NA,NA,NA,NA,NA,NA,NA,NA,NA,NA,NA,NA,NA,NA,NA,NA,NA,NA,NA,NA,NA,NA,NA,0.24,NA,11.2,5.36,2.08,0.97,4.08,4.43,2-Jul-21,1,1,3.52,2,0,0,2,0,0,NA,1,0.806647581,1,0.738573353,1,0.880943121,1,NA,NA,2,2,0,2,2,PAT,PAT,Northern,0,1,2,2
PAT-041,2,7,21,2,40,0.5,7/2/2021,12:11,7/3/2021,14:00,12H 11M 0S,14H 0M 0S,7/2/2021 12:11,7/3/2021 14:00,25.81666667,0,0,0,0,0,2,NA,NA,2,2,NA,NA,NA,0,0,0,NA,0,0,0,NA,NA,NA,NA,NA,0,NA,NA,NA,NA,NA,NA,NA,NA,NA,NA,NA,2,0,0,0,0,2,0,0,NA,0,0,0,0,0,NA,0,0,0,NA,NA,NA,NA,0,NA,0,0,NA,NA,0,NA,0,0,NA,0,0,2,0,0,NA,0,0,0,NA,0,NA,0,0,0,NA,NA,NA,NA,NA,NA,NA,NA,NA,NA,NA,NA,NA,NA,NA,NA,NA,NA,NA,NA,NA,NA,NA,NA,NA,NA,NA,NA,NA,NA,NA,NA,NA,NA,NA,NA,NA,NA,2-Jul-21,1,1,2.59,0,0,0,0,0,0,0,0,NA,NA,NA,NA,NA,NA,NA,NA,2,2,0.48111,1,2,PAT,PAT,Northern,NA,0,0,0
PAT-042,5,7,21,2,6,0.98,7/5/2021,11:58,7/6/2021,13:30,11H 58M 0S,13H 30M 0S,7/5/2021 11:58,7/6/2021 13:30,25.53333333,0,0,0,0,0,0,NA,0,2,2,0,2,0,0,0,0,0,0,2,NA,NA,NA,NA,NA,NA,NA,0,NA,NA,NA,0,NA,NA,NA,NA,NA,NA,2,0,0,0,0,2,0,0,0,0,0,0,0,0,0,0,0,0,NA,NA,NA,NA,0,0,0,0,NA,NA,0,NA,0,0,NA,0,0,0,0,0,0,0,0,0,NA,0,0,0,0,0,NA,0,0,NA,NA,NA,NA,NA,NA,NA,NA,NA,NA,NA,NA,NA,NA,NA,NA,NA,NA,NA,NA,NA,NA,NA,NA,NA,NA,NA,0.44,NA,22.27,13.43,7.79,5.43,11.1,9.28,5-Jul-21,1,1,6.03,0,0,0,0,0,0,0,0,NA,NA,NA,NA,NA,NA,NA,NA,2,2,0,2,2,PAT,PAT,Northern,1,0,0,0
PAT-043,5,7,21,2,10,0.89,7/5/2021,13:10,7/6/2021,13:30,13H 10M 0S,13H 30M 0S,7/5/2021 13:10,7/6/2021 13:30,24.33333333,0,0,0,0,0,0,NA,0,2,0,0,2,0,0,0,0,0,0,2,0,NA,NA,NA,NA,NA,NA,NA,NA,NA,NA,NA,NA,NA,NA,NA,NA,NA,2,0,0,0,0,2,0,0,0,0,0,0,0,0,0,0,0,0,NA,NA,NA,NA,0,0,2,0,NA,NA,0,NA,0,0,NA,0,0,0,0,0,0,0,0,0,NA,0,0,0,0,0,NA,0,NA,NA,NA,NA,NA,NA,NA,NA,NA,NA,NA,NA,NA,NA,NA,NA,NA,NA,NA,NA,NA,NA,NA,NA,NA,NA,NA,NA,0.35,NA,14.65,9.9,2.94,2.79,8.51,7.2,5-Jul-21,1,1,6.11,2,0,0,2,0,0,NA,1,NA,NA,NA,NA,NA,NA,NA,NA,2,2,0,2,2,PAT,PAT,Northern,0,1,2,2
PAT-044,5,7,21,2,19,0.2,7/5/2021,13:25,7/6/2021,,13H 25M 0S,NA,7/5/2021 13:25,NA,NA,0,0,0,0,0,2,0,NA,2,2,0,2,0,0,0,0,0,0,0,0,0,NA,0,0,0,0,NA,0,0,0,NA,0,NA,0,0,0,0,2,0,0,0,0,2,0,0,0,0,0,NA,0,0,0,0,0,0,0,0,0,0,0,0,0,0,0,0,0,0,0,0,0,0,0,0,0,0,0,0,0,0,0,0,0,0,0,0,NA,0,0,0,NA,NA,NA,NA,NA,NA,NA,NA,NA,NA,NA,NA,NA,NA,NA,NA,NA,NA,NA,NA,NA,NA,NA,NA,NA,NA,NA,NA,NA,NA,NA,NA,NA,NA,5-Jul-21,1,0,NA,0,0,0,0,0,0,0,0,NA,NA,NA,NA,NA,NA,NA,NA,1,1,0.49504,1,2,PAT,PAT,Northern,NA,0,0,0
PAT-045,5,7,21,1,15,3.06,7/5/2021,13:40,7/6/2021,13:30,13H 40M 0S,13H 30M 0S,7/5/2021 13:40,7/6/2021 13:30,23.83333333,0,0,0,0,0,0,0,0,2,2,0,2,0,0,0,0,0,0,2,2,NA,NA,0,0,0,0,NA,0,0,NA,NA,0,NA,0,0,0,NA,2,0,0,0,0,2,0,0,0,0,0,0,0,1,0,0,0,0,NA,NA,NA,NA,0,0,0,0,NA,NA,0,NA,0,0,NA,0,0,0,0,0,0,0,0,0,NA,0,0,0,0,0,NA,0,0,NA,NA,NA,NA,NA,NA,NA,NA,NA,NA,NA,NA,NA,NA,NA,NA,NA,NA,NA,NA,NA,NA,NA,NA,NA,NA,NA,1.9,NA,31.7,9.66,6.34,5.87,23.43,10.94,5-Jul-21,1,1,4.07,0,0,0,0,1,0,1,NA,NA,NA,NA,NA,1.007428186,1,NA,NA,2,2,0,2,2,PAT,PAT,Northern,1,2,NA,3
PAT-046,5,7,21,2,20,1.97,7/5/2021,13:46,7/6/2021,13:30,13H 46M 0S,13H 30M 0S,7/5/2021 13:46,7/6/2021 13:30,23.73333333,0,0,0,0,0,0,0,0,2,2,0,2,0,0,0,0,0,0,0,0,NA,NA,0,0,0,0,0,0,0,NA,0,0,NA,0,0,0,NA,2,0,0,0,0,2,0,0,0,0,0,0,0,0,0,0,0,0,0,0,0,0,0,0,2,0,NA,NA,0,0,0,0,0,0,0,0,0,0,0,0,0,0,0,0,0,0,0,0,NA,0,0,NA,NA,NA,NA,NA,NA,NA,NA,NA,NA,NA,NA,NA,NA,NA,NA,NA,NA,NA,NA,NA,NA,NA,NA,NA,NA,NA,1.33,NA,23.03,9.48,4.8,1.16,4.69,9.1,5-Jul-21,1,1,0,2,0,NA,2,0,0,NA,1,0.898106592,1,NA,NA,1.089489677,1,NA,NA,2,2,0,2,2,PAT,PAT,Northern,1,1,2,2
PAT-047,5,7,21,1,4,1.32,7/5/2021,13:59,7/6/2021,13:30,13H 59M 0S,13H 30M 0S,7/5/2021 13:59,7/6/2021 13:30,23.51666667,0,0,0,0,NA,NA,NA,NA,NA,NA,NA,NA,NA,NA,NA,NA,NA,NA,NA,1,NA,NA,NA,NA,NA,NA,NA,NA,NA,NA,NA,NA,NA,NA,NA,NA,NA,NA,0,0,0,NA,NA,NA,NA,NA,NA,NA,0,0,0,NA,NA,0,NA,NA,NA,NA,NA,0,NA,0,0,NA,NA,0,NA,NA,0,NA,NA,0,0,0,NA,NA,0,0,0,NA,0,NA,0,0,0,NA,NA,NA,NA,NA,NA,NA,NA,NA,NA,NA,NA,NA,NA,NA,NA,NA,NA,NA,NA,NA,NA,NA,NA,NA,NA,NA,NA,NA,NA,0.32,NA,15.34,7.53,6.71,4.14,14.65,5.82,5-Jul-21,1,1,14.96,0,0,0,0,0,0,0,0,NA,NA,NA,NA,NA,NA,NA,NA,3,3,0.53869,2,4,PAT,PAT,Northern,0,0,0,0
PAT-048,12,7,21,1,1.17,0.4,7/12/2021,10:58,7/13/2021,10:00,10H 58M 0S,10H 0M 0S,7/12/2021 10:58,7/13/2021 10:00,23.03333333,0,0,0,0,NA,NA,NA,NA,NA,NA,NA,NA,NA,NA,NA,NA,NA,NA,NA,0,NA,NA,NA,NA,NA,NA,NA,NA,NA,NA,NA,NA,NA,NA,NA,NA,NA,NA,0,0,0,NA,NA,NA,NA,NA,NA,NA,NA,0,NA,NA,NA,0,NA,NA,NA,NA,NA,0,NA,0,0,NA,NA,0,NA,0,0,NA,NA,0,0,0,NA,NA,0,0,0,NA,0,NA,0,0,0,NA,NA,NA,NA,NA,NA,NA,NA,NA,NA,NA,NA,NA,NA,NA,NA,NA,NA,NA,NA,NA,NA,NA,NA,NA,NA,NA,NA,NA,NA,NA,NA,NA,NA,NA,NA,NA,NA,12-Jul-21,1,1,0,0,0,2,0,2,0,1,NA,NA,NA,NA,NA,NA,NA,NA,NA,1,1,0,1,1,PAT,PAT,Northern,NA,2,NA,4
PAT-049,19,7,21,2,1.58,3.68,7/19/2021,11:00,7/20/2021,13:20,11H 0M 0S,13H 20M 0S,7/19/2021 11:00,7/20/2021 13:20,26.33333333,NA,NA,NA,NA,NA,NA,NA,NA,NA,NA,NA,NA,NA,NA,NA,NA,NA,NA,NA,NA,NA,NA,NA,NA,NA,NA,NA,NA,NA,NA,NA,NA,NA,NA,NA,NA,NA,NA,NA,NA,NA,NA,NA,NA,NA,NA,NA,NA,NA,NA,NA,NA,NA,NA,NA,NA,NA,NA,NA,NA,NA,NA,NA,NA,NA,NA,NA,NA,NA,NA,NA,NA,NA,NA,NA,NA,NA,NA,NA,NA,NA,NA,NA,NA,NA,NA,NA,NA,NA,NA,NA,NA,NA,NA,NA,NA,NA,NA,NA,NA,NA,NA,NA,NA,NA,NA,NA,NA,NA,NA,NA,NA,NA,NA,NA,0.43,NA,5.66,7.81,4.85,2.59,18.31,6.86,19-Jul-21,1,1,1.41,0,0,0,0,0,0,0,0,NA,NA,NA,NA,NA,NA,NA,NA,NA,NA,NA,NA,NA,PAT,PAT,Northern,0,0,0,0
PAT-050,19,7,21,1,0.75,7.5,7/19/2021,11:17,7/20/2021,13:20,11H 17M 0S,13H 20M 0S,7/19/2021 11:17,7/20/2021 13:20,26.05,0,0,0,0,0,1,0,0,2,2,0,2,0,0,0,0,0,0,1,1,0,0,0,0,0,0,0,0,0,NA,0,0,0,0,0,0,0,1,0,0,0,0,1,1,0,0,0,0,0,0,1,0,0,0,0,0,0,0,0,0,0,1,0,NA,NA,0,0,0,0,0,0,0,1,0,0,0,0,0,0,0,0,0,0,0,0,NA,0,0,NA,NA,NA,NA,NA,NA,NA,NA,NA,NA,NA,NA,NA,NA,NA,NA,NA,NA,NA,NA,NA,NA,NA,NA,NA,NA,NA,1.28,NA,11.76,11.32,12.36,4.85,20.32,10.09,19-Jul-21,1,1,7.64,0,0,0,1,1,0,1,1,0.60004325,1,0.622789735,1,0.901304445,1,0.819106949,1,6,6,0.53009,6,7,PAT,PAT,Northern,0,2,1,3
PAT-051,19,7,21,1,13,1.39,7/19/2021,12:36,7/20/2021,13:20,12H 36M 0S,13H 20M 0S,7/19/2021 12:36,7/20/2021 13:20,24.73333333,0,0,0,0,0,0,0,0,2,2,2,2,0,0,0,0,0,0,0,0,0,0,0,0,0,NA,NA,0,0,NA,NA,0,0,0,0,0,0,0,0,0,0,0,0,0,0,0,0,0,0,0,0,0,0,0,0,NA,NA,NA,NA,0,0,0,0,NA,NA,0,NA,0,0,NA,0,0,0,0,0,0,0,0,0,NA,0,0,0,0,0,NA,0,0,NA,NA,NA,NA,NA,NA,NA,NA,NA,NA,NA,NA,NA,NA,NA,NA,NA,NA,NA,NA,NA,NA,NA,NA,NA,NA,NA,0.48,NA,9.04,8.72,7.13,5.72,19.89,8.19,19-Jul-21,1,1,6.56,0,0,0,0,0,0,0,0,0.637176624,1,NA,NA,1.318221018,1,NA,NA,2,2,0,2,2,PAT,PAT,Northern,0,0,0,0
PAT-052,19,7,21,2,12,2.87,7/19/2021,12:45,7/20/2021,13:20,12H 45M 0S,13H 20M 0S,7/19/2021 12:45,7/20/2021 13:20,24.58333333,0,0,0,0,0,0,0,0,2,2,0,2,0,0,0,0,0,0,2,0,0,0,0,0,0,0,0,0,0,0,0,0,0,0,0,0,0,2,2,0,0,0,2,0,0,0,0,0,0,0,0,0,0,0,0,NA,NA,NA,NA,0,0,0,0,NA,NA,0,NA,0,0,NA,0,0,0,0,0,0,0,0,0,0,0,0,0,0,0,NA,0,0,0,NA,NA,NA,NA,NA,NA,NA,NA,NA,NA,NA,NA,NA,NA,NA,NA,NA,NA,NA,NA,NA,NA,NA,NA,NA,NA,0.58,NA,8.48,12.88,13.85,4.74,17.08,8.39,19-Jul-21,1,1,16.32,0,0,0,0,0,0,0,0,0.747436993,1,0.709591539,1,1.152694457,1,NA,NA,2,2,0,2,2,PAT,PAT,Northern,0,0,0,0
PAT-053,19,7,21,2,7,1.1,7/19/2021,12:50,7/20/2021,13:20,12H 50M 0S,13H 20M 0S,7/19/2021 12:50,7/20/2021 13:20,24.5,0,0,0,0,0,0,NA,0,2,1,0,2,0,0,0,0,0,0,1,0,NA,NA,0,0,0,0,NA,0,0,NA,NA,0,NA,0,0,0,NA,2,0,0,0,0,2,0,0,0,0,0,0,0,1,0,0,0,0,NA,NA,NA,NA,1,0,1,0,NA,NA,0,NA,0,0,NA,0,0,1,0,0,0,0,0,0,NA,0,NA,0,0,0,NA,NA,NA,NA,NA,NA,NA,NA,NA,NA,NA,NA,NA,NA,NA,NA,NA,NA,NA,NA,NA,NA,NA,NA,NA,NA,NA,NA,NA,NA,1.78,NA,12.36,8.75,9.08,5.17,20.66,10.25,19-Jul-21,1,1,6.67,1,0,0,1,1,0,1,1,NA,NA,NA,NA,NA,NA,NA,NA,3,3,0.10003,3,3,PAT,PAT,Northern,0,1,1,1
PAT-054,26,7,21,2,13,0.5,7/26/2021,11:10,7/27/2021,14:20,11H 10M 0S,14H 20M 0S,7/26/2021 11:10,7/27/2021 14:20,27.16666667,0,0,0,0,0,0,0,0,2,2,0,2,0,0,0,0,0,0,2,0,0,0,0,0,0,0,0,0,0,0,0,0,0,0,0,0,0,0,0,0,0,0,2,0,0,0,0,0,0,0,0,0,0,0,0,0,0,0,1,0,0,0,0,0,0,0,0,0,0,0,0,0,0,0,0,0,0,0,0,0,0,0,0,0,0,0,0,2,0,NA,NA,NA,NA,NA,NA,NA,NA,NA,NA,NA,NA,NA,NA,NA,NA,NA,NA,NA,NA,NA,NA,NA,NA,NA,NA,4.14,NA,13.34,13.88,11.69,1.14,14.09,10.41,26-Jul-21,1,0,7.38,0,0,0,0,0,0,0,0,1.043706404,1,1.012086384,1,1.123790927,1,1.019348974,1,2,2,0,2,2,PAT,PAT,Northern,0,0,0,0
PAT-055,26,7,21,2,5,1.7,7/26/2021,11:20,7/27/2021,14:20,11H 20M 0S,14H 20M 0S,7/26/2021 11:20,7/27/2021 14:20,27,0,0,0,0,0,0,0,0,2,1,0,2,0,0,0,0,0,0,2,0,0,0,0,0,0,NA,0,0,0,NA,0,0,NA,0,0,0,0,2,0,0,0,0,2,0,0,0,0,0,0,0,0,0,0,0,0,0,1,0,1,0,0,0,0,0,0,0,0,0,0,0,0,0,0,0,0,0,0,0,0,0,0,0,0,0,0,0,0,0,NA,NA,NA,NA,NA,NA,NA,NA,NA,NA,NA,NA,NA,NA,NA,NA,NA,NA,NA,NA,NA,NA,NA,NA,NA,NA,NA,1.17,NA,14.73,9.88,5.58,1.33,8.89,6.97,26-Jul-21,1,0,2.2,0,0,0,0,0,0,0,0,0.988659741,1,1.202568764,1,1.021568104,1,1.136329428,1,2,2,0,2,2,PAT,PAT,Northern,0,0,0,0
PAT-056,26,7,21,2,5,0.6,7/26/2021,12:20,7/27/2021,14:20,12H 20M 0S,14H 20M 0S,7/26/2021 12:20,7/27/2021 14:20,26,0,0,0,0,0,1,0,0,2,2,0,2,0,0,0,0,0,0,2,0,0,0,0,0,0,0,0,0,0,NA,0,0,0,0,0,0,0,2,0,0,0,0,2,0,0,0,0,0,0,0,1,0,0,0,0,0,0,0,0,0,0,NA,0,0,0,0,0,0,0,1,0,0,0,0,0,0,0,0,0,0,0,0,0,0,0,0,0,0,NA,NA,NA,NA,NA,NA,NA,NA,NA,NA,NA,NA,NA,NA,NA,NA,NA,NA,NA,NA,NA,NA,NA,NA,NA,NA,NA,1.91,NA,13.62,9.49,6.83,0.7,7.26,10.92,26-Jul-21,1,1,0,0,0,2,0,1,0,1,NA,0.988398898,1,1.177970029,1,1.08226445,1,0.893384749,1,3,3,0.29474,3,4,PAT,PAT,Northern,0,2,NA,3
PAT-057,26,7,21,1,13,1.1,7/26/2021,12:30,7/27/2021,14:20,12H 30M 0S,14H 20M 0S,7/26/2021 12:30,7/27/2021 14:20,25.83333333,0,0,0,0,0,0,0,0,2,2,0,2,0,0,0,0,0,0,1,0,0,0,0,0,0,0,0,0,0,0,0,0,NA,0,0,0,0,1,0,0,0,0,1,0,0,0,0,0,0,0,NA,0,0,0,0,0,0,1,0,0,0,1,0,0,0,0,0,0,0,1,0,0,0,0,0,0,0,0,0,0,0,0,0,0,0,0,0,0,0,NA,NA,NA,NA,NA,NA,NA,NA,NA,NA,NA,NA,NA,NA,NA,NA,NA,NA,NA,NA,NA,NA,NA,NA,NA,NA,1.08,NA,9.39,10.94,5.15,0.9,10.37,8.93,26-Jul-21,1,1,2.43,0,0,0,1,0,0,NA,1,1.080569666,1,1.236117009,1,1.169919142,1,0.962582501,1,4,4,0.45306,3,4,PAT,PAT,Northern,0,1,1,1
PAT-058,26,7,21,2,1.92,0.7,7/26/2021,12:59,7/27/2021,14:20,12H 59M 0S,14H 20M 0S,7/26/2021 12:59,7/27/2021 14:20,25.35,0,0,0,0,0,0,0,0,2,1,0,2,0,0,0,0,0,0,1,0,0,0,0,0,0,0,0,0,0,0,0,0,NA,0,0,0,0,2,0,0,0,0,2,0,0,0,0,0,0,0,0,0,0,0,0,NA,NA,NA,NA,0,0,1,0,0,0,0,NA,0,0,NA,0,0,1,0,0,0,0,0,0,0,0,0,0,0,0,0,0,0,0,NA,NA,NA,NA,NA,NA,NA,NA,NA,NA,NA,NA,NA,NA,NA,NA,NA,NA,NA,NA,NA,NA,NA,NA,NA,NA,2.27,NA,13.49,10.49,5.28,1.18,6.93,5.69,26-Jul-21,1,1,3.92,0,0,0,1,0,0,NA,1,1.001125881,1,1.055406761,1,1.115054845,1,NA,NA,3,3,0.17609,3,4,PAT,PAT,Northern,0,1,1,1
PAT-059,26,7,21,2,1.33,0.5,7/26/2021,13:07,7/27/2021,14:20,13H 7M 0S,14H 20M 0S,7/26/2021 13:07,7/27/2021 14:20,25.21666667,0,0,0,0,0,0,0,0,2,2,0,2,0,0,0,0,0,0,1,0,0,0,0,0,0,0,0,0,0,NA,0,0,0,0,0,0,0,2,0,0,0,0,2,0,0,0,0,0,0,0,0,0,0,0,0,0,0,0,0,1,0,NA,0,0,0,0,0,0,0,0,0,0,1,0,0,0,0,0,0,0,0,0,0,0,0,NA,0,0,NA,NA,NA,NA,NA,NA,NA,NA,NA,NA,NA,NA,NA,NA,NA,NA,NA,NA,NA,NA,NA,NA,NA,NA,NA,NA,NA,1.25,NA,8.44,9.52,9.38,0.55,7.35,4.97,26-Jul-21,1,1,0,0,0,0,0,0,0,0,0,NA,NA,NA,NA,NA,NA,NA,NA,2,2,0,2,2,PAT,PAT,Northern,0,0,0,0
PAT-060,26,7,21,2,13,0.8,7/26/2021,13:20,7/27/2021,14:20,13H 20M 0S,14H 20M 0S,7/26/2021 13:20,7/27/2021 14:20,25,0,0,0,0,0,1,0,0,2,2,0,2,0,0,0,0,0,0,1,1,0,0,0,0,0,0,0,0,0,0,0,0,NA,0,0,0,0,2,0,0,0,0,2,0,0,0,0,0,0,0,1,0,1,0,0,0,0,1,0,0,0,0,0,0,0,0,0,0,0,0,0,0,0,0,0,0,0,0,0,0,0,0,0,0,0,0,0,0,0,NA,NA,NA,NA,NA,NA,NA,NA,NA,NA,NA,NA,NA,NA,NA,NA,NA,NA,NA,NA,NA,NA,NA,NA,NA,NA,2.16,NA,15.34,8.31,7.64,0.72,15.24,9.66,26-Jul-21,1,0,4.1,0,0,0,0,1,0,1,NA,1.118365295,1,1.120730506,1,1.184570057,1,NA,NA,4,4,0.23284,4,5,PAT,PAT,Northern,0,2,NA,3
PAT-061,30,7,21,1,14,0.98,7/30/2021,10:00,7/31/2021,11:45,10H 0M 0S,11H 45M 0S,7/30/2021 10:00,7/31/2021 11:45,25.75,0,0,0,0,0,0,0,0,2,2,0,2,0,0,0,0,0,0,0,0,0,0,0,0,0,NA,0,0,0,NA,0,0,NA,0,0,0,0,2,0,0,0,0,2,0,0,0,0,0,0,0,0,0,0,0,0,0,0,1,0,0,0,2,0,0,0,0,0,0,0,0,0,0,0,0,0,0,0,0,0,0,0,0,0,0,0,0,0,0,NA,NA,NA,NA,NA,NA,NA,NA,NA,NA,NA,NA,NA,NA,NA,NA,NA,NA,NA,NA,NA,NA,NA,NA,NA,NA,NA,0.49,NA,12.37,9.88,6.29,1.18,12.12,3.38,30-Jul-21,1,1,24.78,2,0,0,2,0,0,NA,1,0.891298032,1,1.195381722,1,1.110928162,1,0.958254933,1,2,2,0,2,2,PAT,PAT,Northern,0,1,2,2
PAT-062,30,7,21,1,3,0.46,7/30/2021,11:01,7/31/2021,11:45,11H 1M 0S,11H 45M 0S,7/30/2021 11:01,7/31/2021 11:45,24.73333333,0,0,0,0,0,1,0,0,2,2,0,2,0,0,0,0,0,0,2,0,0,0,0,0,0,0,0,0,0,0,0,0,NA,0,0,0,0,2,0,0,0,0,2,0,0,0,0,0,NA,0,0,0,1,0,0,0,0,1,0,0,0,0,0,0,0,0,0,0,0,0,0,1,0,0,0,0,0,0,0,0,0,0,0,0,0,0,0,0,0,NA,NA,NA,NA,NA,NA,NA,NA,NA,NA,NA,NA,NA,NA,NA,NA,NA,NA,NA,NA,NA,NA,NA,NA,NA,NA,2.65,NA,25.33,21.75,7.6,1.12,16.22,10.75,30-Jul-21,1,0,0,0,0,0,0,0,0,0,0,1.029071433,1,1.180342315,1,1.182721616,1,0.824085523,1,2,2,0.03162,2,2,PAT,PAT,Northern,1,0,0,0
PAT-063,30,7,21,2,11,0.34,7/30/2021,11:28,7/31/2021,11:45,11H 28M 0S,11H 45M 0S,7/30/2021 11:28,7/31/2021 11:45,24.28333333,0,0,0,0,0,0,0,0,2,2,0,2,0,0,0,0,0,0,1,1,0,0,0,0,0,0,0,0,0,0,0,0,0,0,0,0,0,1,0,0,0,0,1,0,0,0,0,0,0,0,0,0,0,0,0,0,0,1,0,0,0,0,0,0,0,0,0,0,0,0,0,0,1,0,0,0,0,0,0,0,0,0,0,0,0,0,0,0,0,NA,NA,NA,NA,NA,NA,NA,NA,NA,NA,NA,NA,NA,NA,NA,NA,NA,NA,NA,NA,NA,NA,NA,NA,NA,NA,3.05,NA,75.28,18.1,9.71,2.06,25.92,15.99,30-Jul-21,1,0,4.88,0,0,0,0,0,0,0,0,1.003728756,1,1.196779433,1,1.156016503,1,1.106221254,1,3,3,0.10435,3,3,PAT,PAT,Northern,1,0,0,0
PAT-064,30,7,21,2,1.58,0.2,7/30/2021,11:38,7/31/2021,11:45,11H 38M 0S,11H 45M 0S,7/30/2021 11:38,7/31/2021 11:45,24.11666667,0,0,0,0,0,0,0,0,2,2,0,2,0,0,0,0,0,0,1,2,0,NA,0,0,0,0,0,0,0,NA,0,0,NA,0,0,0,0,2,0,0,0,0,2,0,0,0,0,0,0,0,1,0,0,0,0,0,0,0,0,0,0,0,0,0,0,0,0,0,0,1,0,0,0,0,0,0,0,0,0,0,0,0,0,0,0,0,0,0,NA,NA,NA,NA,NA,NA,NA,NA,NA,NA,NA,NA,NA,NA,NA,NA,NA,NA,NA,NA,NA,NA,NA,NA,NA,NA,NA,NA,NA,NA,NA,NA,NA,NA,NA,30-Jul-21,1,0,0,0,0,2,0,1,0,1,NA,0.989210992,1,1.119506678,1,1.118443398,1,1.051530918,1,2,2,0,2,2,PAT,PAT,Northern,NA,2,NA,3
PAT-065,30,7,21,2,1.58,0.28,7/30/2021,12:00,7/31/2021,11:45,12H 0M 0S,11H 45M 0S,7/30/2021 12:00,7/31/2021 11:45,23.75,0,0,0,0,0,0,0,0,2,2,0,2,0,0,0,0,0,0,1,0,0,0,0,0,0,0,0,0,0,0,0,0,0,0,0,0,0,2,0,0,0,0,2,0,0,0,0,0,0,0,0,0,0,0,0,0,0,0,0,0,0,0,0,0,0,0,0,0,0,0,0,0,2,0,0,0,0,0,0,0,0,0,0,0,0,0,0,0,0,NA,NA,NA,NA,NA,NA,NA,NA,NA,NA,NA,NA,NA,NA,NA,NA,NA,NA,NA,NA,NA,NA,NA,NA,NA,NA,2.54,NA,20.82,14.61,6.9,1.22,10.04,8.13,30-Jul-21,1,1,0.95,NA,NA,NA,0,0,0,0,0,1.116174589,1,1.15315782,1,1.268356667,1,NA,NA,2,2,0.42483,2,3,PAT,PAT,Northern,1,0,0,0
PBC-138-22Jun21,22,6,21,1,4.5,1.53,6/22/2021,16:05,6/23/2021,14:45,16H 5M 0S,14H 45M 0S,6/22/2021 16:05,6/23/2021 14:45,22.66666667,0,0,0,0,0,0,0,0,2,2,0,2,0,0,0,0,0,0,1,0,0,0,0,0,0,0,0,0,0,NA,0,0,0,0,0,0,0,2,0,0,0,0,2,0,0,0,0,0,0,0,0,0,0,0,0,0,0,0,0,0,NA,0,0,1,NA,0,0,NA,0,0,0,0,1,0,NA,0,1,NA,NA,0,0,0,NA,0,0,0,0,0,NA,NA,NA,0,NA,NA,NA,NA,NA,NA,NA,NA,NA,0,0,0,0,0,0,0,0,0,0,0,0,0,0,0.9559,51045,5.651,10.59,3.765,2.768,3.009,6.019,22-Jun-21,1,1,2.26,0,0,0,0,0,0,0,0,1.024632703,1,1.090454968,1,0.968953782,1,1.03683905,1,5,5,0.51158,5,6,PBC,TOR,Eastern,0,0,0,0
PBC-395-19Jul21,19,7,21,1,5,2.3,7/19/2021,12:02,7/20/2021,11:50,12H 2M 0S,11H 50M 0S,7/19/2021 12:02,7/20/2021 11:50,23.8,0,0,0,0,0,0,0,0,2,2,0,2,0,0,0,0,0,0,1,1,1,0,0,0,0,0,0,0,0,0,0,0,NA,0,0,0,0,2,0,0,0,0,2,0,0,0,0,0,0,0,0,0,0,0,0,0,0,1,0,0,0,0,0,0,0,0,0,0,0,0,0,0,0,0,0,0,0,0,0,0,0,0,0,0,0,0,0,1,0,NA,NA,NA,NA,NA,NA,NA,NA,NA,NA,NA,NA,NA,NA,NA,NA,NA,NA,NA,NA,NA,NA,NA,NA,NA,NA,0.554,66270,5.657,9.49,7.114,2.34,11.5,5.984,19-Jul-21,1,1,0.41,0,0,0,0,0,0,0,0,0.938799969,1,1.172459521,1,1.199106276,1,0.97991935,1,3,3,0.24665,3,4,PBC,TOR,Eastern,0,0,0,0
PBC-403-13Jul21,14,7,21,2,4,2.54,7/14/2021,13:40,7/15/2021,12:00,13H 40M 0S,12H 0M 0S,7/14/2021 13:40,7/15/2021 12:00,22.33333333,0,0,0,0,0,1,0,0,2,2,0,2,0,0,0,0,0,0,1,0,0,0,0,0,0,0,0,0,0,NA,0,0,0,0,0,0,0,2,0,0,0,0,2,0,0,0,0,0,0,1,0,0,0,0,0,0,1,0,0,0,0,0,0,0,0,0,0,0,0,0,0,0,1,0,0,0,0,0,0,0,0,0,0,0,0,0,0,0,NA,NA,NA,NA,NA,NA,NA,NA,NA,NA,NA,NA,NA,NA,NA,NA,NA,NA,NA,NA,NA,NA,NA,NA,NA,NA,NA,0.5486,31210,5.341,10.66,13.23,2.653,6.839,7.148,13-Jul-21,1,1,8.37,0,1,0,0,0,1,NA,NA,NA,NA,NA,NA,NA,NA,NA,NA,3,3,0.0447,3,3,PBC,TOR,Eastern,0,0,NA,0
PBC-463-31May21,31,5,21,1,3,3.1,5/31/2021,15:44,6/1/2021,10:18,15H 44M 0S,10H 18M 0S,5/31/2021 15:44,6/1/2021 10:18,18.56666667,0,0,0,0,0,0,0,0,2,2,0,2,0,0,0,0,0,0,0,0,0,0,0,0,0,0,0,0,0,0,0,0,NA,0,0,0,0,2,0,0,0,0,2,0,0,0,0,0,0,0,0,0,0,0,0,0,1,0,0,0,NA,0,0,0,NA,0,0,NA,0,0,0,0,1,0,NA,0,0,NA,NA,0,0,0,NA,0,0,0,0,1,0,NA,NA,0,NA,NA,NA,NA,NA,NA,NA,NA,NA,0,0,0,0,0,0,0,0,0,0,0,0,0,0,1.393,29087,4.172,7.32,5.123,0.8004,4.802,7.846,31-May-21,1,1,0.6,0,0,0,0,0,0,0,0,1.084495209,1,1.042896054,1,0.823691432,1,1.05607371,1,2,2,0,2,2,PBC,TOR,Eastern,0,0,0,0
PBC-629-11Jun21,11,6,21,1,3,3,6/11/2021,14:15,6/12/2021,13:10,14H 15M 0S,13H 10M 0S,6/11/2021 14:15,6/12/2021 13:10,22.91666667,0,0,0,0,0,0,0,0,2,2,0,2,0,0,0,0,0,0,2,0,0,0,0,0,0,NA,0,0,0,0,0,0,0,0,0,0,0,2,0,0,0,0,2,0,0,0,0,0,0,0,0,0,0,0,0,0,0,1,0,0,NA,0,0,0,NA,0,0,NA,0,0,0,0,0,0,NA,0,0,NA,NA,0,0,0,NA,0,0,0,0,0,0,NA,NA,0,NA,NA,NA,NA,NA,NA,NA,NA,NA,0,0,0,0,0,0,0,0,0,0,0,0,0,0,0.4676,13653,4.162,8.098,2.052,1.268,1.442,4.668,NA,NA,NA,NA,0,0,0,0,0,0,0,0,1.079678849,1,0.983325328,1,0.874331319,1,0.971821085,1,2,2,0,2,2,PBC,TOR,Eastern,0,0,0,0
TDH-191,9,6,21,2,5,4,6/9/2021,12:00,6/10/2021,14:00,12H 0M 0S,14H 0M 0S,6/9/2021 12:00,6/10/2021 14:00,26,0,0,0,0,0,0,0,0,2,2,2,2,0,0,0,0,0,0,0,0,0,0,0,0,0,NA,0,0,0,NA,0,0,NA,0,0,0,0,2,0,0,0,0,2,0,0,0,0,0,0,0,2,0,0,0,0,0,0,0,0,0,NA,0,0,0,NA,0,0,NA,0,1,0,0,0,0,NA,0,0,NA,NA,0,0,0,NA,0,0,0,0,0,NA,NA,NA,0,NA,NA,NA,NA,NA,NA,NA,NA,NA,0,0,0,0,0,0,0,0,0,0,0,0,0,0,1.832,49635,15.97,11.88,5.573,1.399,8.907,9.461,9-Jun-21,1,1,6.48,0,0,2,0,2,0,1,NA,1.038974247,1,0.976904327,1,0.946900368,1,0.96960552,1,2,2,0,2,2,TDH,TOR,Eastern,0,2,NA,4
TDH-192,14,6,21,1,2,1.8,6/14/2021,13:55,6/15/2021,14:45,13H 55M 0S,14H 45M 0S,6/14/2021 13:55,6/15/2021 14:45,24.83333333,0,0,0,0,0,1,0,0,2,2,0,2,0,0,0,0,0,0,1,0,0,0,0,0,0,0,0,0,0,0,0,0,NA,0,0,0,0,2,0,0,0,0,2,0,0,0,0,0,0,0,0,0,0,0,0,0,0,1,0,0,NA,0,0,0,NA,0,0,NA,0,0,0,0,0,0,NA,0,0,NA,NA,0,0,0,NA,0,0,0,0,0,0,NA,NA,0,NA,NA,NA,NA,NA,NA,NA,NA,NA,0,0,0,0,0,0,0,0,0,0,0,0,0,0,2.111,33785,11.31,17.44,14.22,0.9455,6.457,10.47,14-Jun-21,0,0,NA,0,0,0,0,0,0,0,0,1.078471565,1,0.965599381,1,0.943274469,1,1.105916376,1,2,2,0.21598,2,3,TDH,TOR,Eastern,0,0,0,0
TDH-193,14,7,21,2,5,2.1,7/14/2021,13:24,7/15/2021,12:00,13H 24M 0S,12H 0M 0S,7/14/2021 13:24,7/15/2021 12:00,22.6,0,0,0,0,0,0,0,0,2,2,0,2,0,0,0,0,1,0,2,0,0,0,0,0,0,0,0,0,0,0,0,0,0,0,0,0,0,2,0,0,0,0,2,0,0,0,0,0,0,0,0,0,0,0,0,0,0,0,0,0,0,0,0,NA,NA,0,0,0,0,0,0,0,0,0,0,0,0,0,0,0,0,0,0,0,0,NA,0,0,0,NA,NA,NA,NA,NA,NA,NA,NA,NA,NA,NA,NA,NA,NA,NA,NA,NA,NA,NA,NA,NA,NA,NA,NA,NA,NA,1.81,22401,11.4,18.98,9.423,1.752,10.08,10.97,13-Jul-21,1,1,0.78,0,0,0,0,0,0,0,0,0.774790232,1,0.729430528,1,1.075406967,1,0.706643085,1,2,2,0.0447,2,2,TDH,TOR,Eastern,0,0,0,0
TDH-194,19,7,21,1,6,1.6,7/19/2021,12:56,7/20/2021,12:00,12H 56M 0S,12H 0M 0S,7/19/2021 12:56,7/20/2021 12:00,23.06666667,0,0,0,0,0,0,NA,NA,2,2,0,2,0,0,0,0,NA,0,1,0,0,NA,0,0,0,NA,NA,0,0,NA,NA,0,NA,0,NA,0,NA,2,0,0,0,0,2,0,0,0,0,0,0,0,0,0,0,0,0,NA,NA,NA,NA,0,0,0,0,NA,NA,0,NA,0,0,NA,0,0,1,0,0,0,0,0,0,NA,0,0,0,0,0,NA,0,NA,NA,NA,NA,NA,NA,NA,NA,NA,NA,NA,NA,NA,NA,NA,NA,NA,NA,NA,NA,NA,NA,NA,NA,NA,NA,NA,NA,1.616,42155,11.28,13.23,9.341,1.578,7.99,12.12,19-Jul-21,1,1,0.36,0,0,0,0,0,0,0,0,NA,NA,NA,NA,NA,NA,NA,NA,2,2,0,2,2,TDH,TOR,Eastern,0,0,0,0
TDH-195,2,8,21,2,17,2.4,8/2/2021,13:36,8/3/2021,14:00,13H 36M 0S,14H 0M 0S,8/2/2021 13:36,8/3/2021 14:00,24.4,0,0,0,0,0,0,0,0,2,2,0,2,0,0,0,0,0,0,2,0,0,NA,0,0,0,0,0,0,0,NA,0,0,NA,0,0,0,0,2,0,0,0,0,2,0,0,0,0,0,0,0,0,0,0,0,0,NA,NA,NA,NA,0,0,0,0,0,0,0,NA,0,0,NA,0,0,0,0,0,0,0,0,0,0,0,0,0,0,0,0,0,0,NA,NA,NA,NA,NA,NA,NA,NA,NA,NA,NA,NA,NA,NA,NA,NA,NA,NA,NA,NA,NA,NA,NA,NA,NA,NA,NA,0.5975,24032,8.088,13.47,8.351,0.6092,8.456,7.616,NA,NA,NA,NA,0,0,0,0,0,0,0,0,0.940770815,1,1.245291901,1,1.209526249,1,0.907939312,1,2,2,0,2,2,TDH,TOR,Eastern,0,0,0,0
TDH-196,16,8,21,2,6,2.75,8/16/2021,12:30,8/17/2021,13:00,12H 30M 0S,13H 0M 0S,8/16/2021 12:30,8/17/2021 13:00,24.5,0,0,0,0,0,1,0,0,2,2,0,2,0,0,0,0,0,0,1,1,0,NA,0,0,0,NA,0,0,0,NA,0,0,NA,0,0,0,0,2,0,0,0,0,2,0,0,0,0,0,0,0,0,0,0,0,0,0,0,0,0,0,0,0,0,1,0,0,0,0,0,0,0,0,1,0,0,0,0,0,0,0,0,0,0,0,0,0,0,0,NA,NA,NA,NA,NA,NA,NA,NA,NA,NA,NA,NA,NA,NA,NA,NA,NA,NA,NA,NA,NA,NA,NA,NA,NA,NA,NA,4.971,12659,10.17,15.36,7.26,0.764,6.758,9.279,16-Aug-21,1,1,1.27,0,0,0,0,0,0,0,0,0.858866823,1,1.204880563,1,1.009729007,1,1.014634085,1,4,4,0.25582,3,4,TDH,TOR,Eastern,0,0,0,0
