"id","weighted_RSA","all_WT_469","all_WT_675","any_acs10","any_ap2mu","any_ap3d","any_atp6","any_coronin","any_crt","any_fp2a","any_fp2b","any_fp3","any_k13","any_kelch10","any_mcp","any_mdr2","any_mrp1","any_mrp2","any_PF3D7_0806800","any_PF3D7_0808300","any_PF3D7_1322700","any_PF3D7_1433800","any_PF3D7_1451200","any_PI4K","any_pph","any_rad14","any_rpn10","any_ruvb2","any_k132"
"BUS-021",0,0,0,1,1,1,1,1,0,1,0,0,1,0,0,1,0,1,1,0,1,1,1,0,0,1,1,0,1
"BUS-022",0.5,0,0,1,0,1,0,0,1,1,0,1,1,0,0,1,0,1,1,0,1,0,0,0,0,0,0,0,1
"BUS-023",20.79,0,0,1,1,1,1,1,0,1,0,0,1,0,0,1,1,1,1,0,1,1,1,0,0,1,1,0,1
"BUS-024",0,0,0,1,1,1,1,NA,0,0,NA,NA,1,0,0,1,0,1,NA,NA,1,0,0,0,0,0,NA,NA,1
"BUS-025",15.04,1,NA,3,3,3,2,2,2,3,3,2,2,2,2,2,2,3,3,2,3,3,2,2,2,3,2,2,NA
"BUS-030",2.22,0,0,1,0,1,0,0,0,1,0,0,1,0,0,0,0,1,1,0,1,0,0,0,0,1,0,0,1
"BUS-031",3.23,0,0,1,0,1,1,0,0,1,0,0,1,0,0,0,0,1,1,1,1,0,0,0,0,1,1,0,1
"BUS-033",0.81,0,0,1,0,1,0,0,0,1,0,0,0,0,NA,1,0,1,1,0,1,0,0,0,0,0,0,0,0
"BUS-034",0,0,0,1,1,1,1,0,1,1,0,NA,1,0,NA,0,0,1,1,0,1,0,0,NA,0,1,0,0,1
"BUS-035",7.37,0,0,1,0,1,0,1,0,1,0,0,1,0,NA,0,0,1,1,0,0,1,0,0,0,1,0,0,1
"BUS-036",0.57,0,0,1,1,1,1,1,1,1,0,1,1,0,NA,0,0,1,1,0,1,0,0,0,0,1,0,0,1
"BUS-040",3.09,0,0,1,0,1,1,0,1,0,0,0,0,0,NA,1,0,1,1,0,1,0,0,0,0,0,0,1,0
"BUS-041",20.15,0,0,1,0,1,0,0,0,1,0,0,0,0,NA,0,0,1,1,0,1,1,NA,0,0,0,1,0,0
"BUS-042",1.44,0,0,NA,0,NA,1,NA,0,NA,NA,NA,1,0,NA,0,0,1,NA,NA,1,NA,0,NA,0,NA,NA,NA,1
"BUS-043",7.75,0,0,1,1,1,0,0,0,1,0,0,1,0,NA,0,0,1,1,0,1,0,0,0,0,0,0,0,1
"PAT-003",2.51,1,NA,3,3,3,3,2,2,3,NA,NA,3,2,2,3,3,3,3,NA,3,2,2,2,2,2,2,2,NA
"PAT-004",1.57,1,NA,NA,2,NA,2,NA,2,NA,NA,NA,3,2,NA,2,2,3,NA,NA,NA,2,2,2,NA,2,NA,2,NA
"PAT-005",5.82,0,0,1,1,1,1,0,0,1,0,0,0,0,0,1,0,1,0,0,1,0,0,0,0,1,0,0,0
"PAT-006",0.85,0,0,0,0,0,0,NA,0,1,NA,NA,1,0,0,0,0,1,1,NA,NA,0,0,0,0,1,NA,0,1
"PAT-007",1.78,0,0,1,0,1,1,1,0,1,0,0,1,0,0,1,0,1,1,0,1,0,0,0,0,0,0,0,1
"PAT-008",0,1,NA,3,2,3,3,2,2,3,NA,NA,3,2,2,3,2,3,3,NA,3,3,2,2,2,3,2,2,NA
"PAT-009",1.22,0,0,1,1,1,1,0,0,1,0,NA,1,0,0,0,0,1,1,0,1,1,0,0,0,1,0,1,1
"PAT-010",1.51,0,0,NA,0,NA,0,NA,0,NA,NA,NA,1,0,NA,NA,0,1,NA,NA,1,NA,0,NA,NA,NA,NA,NA,1
"PAT-012",3.41,1,NA,3,3,3,3,2,2,3,2,NA,3,2,2,3,2,3,3,2,3,3,2,2,2,3,3,2,NA
"PAT-014",2.08,NA,NA,NA,NA,NA,NA,NA,NA,NA,NA,NA,NA,NA,NA,NA,NA,NA,NA,NA,NA,NA,NA,NA,NA,NA,NA,NA,NA
"PAT-015",0.77,0,0,1,0,1,1,0,0,0,1,NA,1,0,0,0,0,1,0,1,1,0,0,0,0,0,0,0,1
"PAT-016",0,0,0,1,1,1,1,0,0,0,0,NA,0,0,0,1,0,1,1,NA,1,1,0,0,0,0,0,0,0
"PAT-017",1.67,0,0,1,0,1,0,0,1,1,0,0,1,0,0,0,0,1,1,0,NA,1,0,0,0,0,0,0,1
"PAT-018",0,0,0,NA,0,NA,0,NA,0,0,NA,NA,1,0,NA,0,0,0,NA,NA,NA,NA,0,NA,NA,0,NA,NA,1
"PAT-019",7.27,0,0,1,1,1,1,0,0,1,0,NA,0,0,0,0,0,1,1,1,1,0,0,0,0,1,0,0,0
"PAT-020",2.76,0,0,1,1,1,0,0,0,1,NA,NA,1,0,0,0,0,1,0,NA,1,0,0,0,0,1,0,0,1
"PAT-021",7.37,NA,1,5,5,5,5,5,4,5,NA,NA,5,4,5,4,4,5,5,4,5,4,4,4,4,5,4,4,NA
"PAT-022",8.44,1,NA,3,3,3,2,2,2,2,2,2,2,2,2,2,2,3,3,2,3,2,2,2,2,2,3,2,NA
"PAT-023",0.35,0,0,1,1,1,1,0,1,1,1,NA,1,0,0,1,0,1,1,NA,1,1,0,0,0,1,1,0,1
"PAT-024",0.56,0,0,1,1,1,1,0,0,0,NA,NA,1,0,1,0,0,1,1,NA,1,0,1,0,0,1,0,0,1
"PAT-025",14.32,1,NA,3,2,3,3,3,2,2,3,2,3,2,2,2,2,3,3,2,3,3,2,2,2,3,2,2,NA
"PAT-026",3.21,1,NA,2,2,3,2,NA,2,2,NA,NA,2,NA,NA,NA,2,3,3,NA,NA,2,2,NA,NA,2,3,2,NA
"PAT-027",1.35,1,NA,3,3,3,3,2,2,3,2,2,3,2,2,2,3,3,3,2,3,2,2,2,2,3,2,2,NA
"PAT-028",4.33,0,0,0,1,NA,1,NA,0,0,NA,NA,0,0,0,0,0,1,NA,NA,0,NA,0,0,0,NA,0,0,0
"PAT-029",0,0,0,NA,0,NA,0,NA,1,0,NA,NA,1,0,0,0,0,1,NA,NA,1,NA,0,0,0,0,NA,NA,1
"PAT-030",43.08,0,0,1,0,1,1,0,1,1,0,0,1,0,0,0,0,1,1,0,1,1,0,0,0,1,0,0,1
"PAT-037",12.59,1,NA,2,2,3,3,3,2,3,3,2,2,2,NA,2,2,3,3,2,3,2,2,2,2,2,2,2,NA
"PAT-038",0,0,0,0,1,0,1,0,1,0,NA,NA,1,0,NA,0,0,1,1,NA,1,0,0,0,0,0,0,0,1
"PAT-039",5.15,1,NA,3,NA,3,3,2,2,3,2,NA,2,2,NA,2,2,3,3,2,NA,2,NA,NA,2,3,3,2,NA
"PAT-040",3.52,1,NA,3,2,3,2,2,2,3,3,2,2,2,NA,2,3,3,3,2,3,2,2,2,2,3,2,2,NA
"PAT-041",2.59,0,0,1,NA,1,1,1,0,0,0,0,1,0,NA,NA,0,0,1,0,1,1,NA,NA,NA,0,0,0,1
"PAT-042",6.03,0,0,1,1,1,1,0,0,1,NA,0,0,0,NA,0,0,1,1,1,1,0,0,NA,0,1,1,0,0
"PAT-043",6.11,1,NA,3,2,3,3,3,NA,3,2,2,2,2,NA,3,2,3,2,2,3,2,NA,NA,2,3,2,2,NA
"PAT-045",4.07,NA,1,5,4,5,5,5,4,5,5,4,5,4,NA,4,5,5,5,5,4,5,4,4,4,5,4,4,NA
"PAT-046",0,1,NA,3,3,3,2,2,2,3,2,2,2,2,NA,2,2,3,3,2,3,3,2,2,2,3,2,2,NA
"PAT-047",14.96,0,0,1,NA,1,NA,0,NA,1,1,NA,0,NA,NA,NA,0,1,1,0,1,0,NA,NA,NA,1,0,0,0
"PAT-048",0,NA,1,4,NA,5,NA,NA,NA,4,NA,NA,4,NA,NA,NA,4,4,5,NA,NA,4,NA,NA,NA,4,4,4,NA
"PAT-049",1.41,0,0,1,NA,1,NA,1,NA,1,1,1,NA,NA,NA,NA,NA,NA,1,0,NA,1,NA,NA,NA,1,0,0,NA
"PAT-050",7.64,1,1,3,3,3,3,3,2,3,2,3,3,2,NA,3,2,3,3,2,3,3,2,2,2,3,3,2,NA
"PAT-051",6.56,0,0,1,1,1,1,1,0,1,0,0,0,0,NA,0,0,1,1,0,NA,0,0,NA,0,1,1,0,0
"PAT-052",16.32,0,0,1,0,1,1,1,0,1,1,0,0,0,NA,0,0,1,1,0,1,0,0,0,0,0,0,0,0
"PAT-053",6.67,1,1,3,3,3,3,2,2,3,3,2,3,2,NA,NA,3,3,3,2,3,3,NA,NA,2,3,2,2,NA
"PAT-056",0,NA,1,5,5,5,5,5,4,4,4,NA,5,4,4,5,4,5,5,4,NA,5,4,4,4,5,4,4,NA
"PAT-057",2.43,1,NA,3,3,3,3,2,2,3,NA,NA,3,2,2,3,2,3,2,NA,3,3,2,3,2,2,2,2,NA
"PAT-058",3.92,1,NA,3,2,3,3,2,3,3,NA,NA,3,2,2,3,2,3,3,NA,3,3,2,2,2,2,2,2,NA
"PAT-059",0,0,0,0,1,0,1,NA,0,0,NA,NA,1,0,NA,0,1,1,1,NA,1,NA,0,0,0,0,NA,0,1
"PAT-061",24.78,1,NA,3,3,3,3,3,2,3,2,2,3,2,2,3,3,3,3,2,3,3,2,2,2,2,2,2,NA
"PAT-065",0.95,0,0,1,1,1,1,0,0,1,NA,NA,1,0,0,1,0,1,1,NA,1,0,0,0,0,0,0,1,1
"PBC-138-22Jun21",2.26,0,0,1,1,1,1,0,1,1,1,0,1,1,0,0,0,1,1,0,1,1,0,0,1,1,1,0,1
"PBC-395-19Jul21",0.41,0,0,1,0,1,1,0,1,1,0,0,1,0,0,1,1,1,1,0,1,0,1,0,0,1,0,0,1
"PBC-403-13Jul21",8.37,NA,NA,NA,NA,NA,NA,NA,NA,NA,NA,NA,NA,NA,NA,NA,NA,NA,NA,NA,NA,NA,NA,NA,NA,NA,NA,NA,NA
"TDH-191",6.48,NA,1,5,5,5,4,5,4,4,4,4,5,4,4,5,4,5,5,4,4,4,4,4,4,4,4,4,NA
"TDH-193",0.78,0,0,1,0,1,1,0,0,1,1,0,0,0,NA,1,1,1,1,0,1,0,0,0,0,1,0,0,0
"TDH-194",0.36,0,0,1,1,1,1,0,0,1,0,NA,1,0,NA,1,0,1,1,0,1,1,NA,NA,0,0,0,0,1
