"id","weighted_RSA","any_acs10","any_ap2mu","any_ap3d","any_atp6","any_coronin","any_crt","any_fp2a","any_fp2b","any_fp3","any_k13","any_kelch10","any_mcp","any_mdr2","any_mrp1","any_mrp2","any_PF3D7_0806800","any_PF3D7_0808300","any_PF3D7_1322700","any_PF3D7_1433800","any_PF3D7_1451200","any_PI4K","any_pph","any_rad14","any_rpn10","any_ruvb2"
"BUS-021",0,1,1,1,1,1,0,1,0,0,1,0,0,1,0,1,1,0,1,1,1,0,0,1,1,0
"BUS-022",0.5,1,0,1,0,0,1,1,0,1,1,0,0,1,0,1,1,0,1,0,0,0,0,0,0,0
"BUS-023",20.79,1,1,1,1,1,0,1,0,0,1,0,0,1,1,1,1,0,1,1,1,0,0,1,1,0
"BUS-024",0,1,1,1,1,NA,0,0,NA,NA,1,0,0,1,0,1,NA,NA,1,0,0,0,0,0,NA,NA
"BUS-025",15.04,1,1,1,0,0,0,1,1,0,0,0,0,0,0,1,1,0,1,1,0,0,0,1,0,0
"BUS-030",2.22,1,0,1,0,0,0,1,0,0,1,0,0,0,0,1,1,0,1,0,0,0,0,1,0,0
"BUS-031",3.23,1,0,1,1,0,0,1,0,0,1,0,0,0,0,1,1,1,1,0,0,0,0,1,1,0
"BUS-033",0.81,1,0,1,0,0,0,1,0,0,0,0,NA,1,0,1,1,0,1,0,0,0,0,0,0,0
"BUS-034",0,1,1,1,1,0,1,1,0,NA,1,0,NA,0,0,1,1,0,1,0,0,NA,0,1,0,0
"BUS-035",7.37,1,0,1,0,1,0,1,0,0,1,0,NA,0,0,1,1,0,0,1,0,0,0,1,0,0
"BUS-036",0.57,1,1,1,1,1,1,1,0,1,1,0,NA,0,0,1,1,0,1,0,0,0,0,1,0,0
"BUS-040",3.09,1,0,1,1,0,1,0,0,0,0,0,NA,1,0,1,1,0,1,0,0,0,0,0,0,1
"BUS-041",20.15,1,0,1,0,0,0,1,0,0,0,0,NA,0,0,1,1,0,1,1,NA,0,0,0,1,0
"BUS-042",1.44,NA,0,NA,1,NA,0,NA,NA,NA,1,0,NA,0,0,1,NA,NA,1,NA,0,NA,0,NA,NA,NA
"BUS-043",7.75,1,1,1,0,0,0,1,0,0,1,0,NA,0,0,1,1,0,1,0,0,0,0,0,0,0
"PAT-003",2.51,1,1,1,1,0,0,1,NA,NA,1,0,0,1,1,1,1,NA,1,0,0,0,0,0,0,0
"PAT-004",1.57,NA,0,NA,0,NA,0,NA,NA,NA,1,0,NA,0,0,1,NA,NA,NA,0,0,0,NA,0,NA,0
"PAT-005",5.82,1,1,1,1,0,0,1,0,0,0,0,0,1,0,1,0,0,1,0,0,0,0,1,0,0
"PAT-006",0.85,0,0,0,0,NA,0,1,NA,NA,1,0,0,0,0,1,1,NA,NA,0,0,0,0,1,NA,0
"PAT-007",1.78,1,0,1,1,1,0,1,0,0,1,0,0,1,0,1,1,0,1,0,0,0,0,0,0,0
"PAT-008",0,1,0,1,1,0,0,1,NA,NA,1,0,0,1,0,1,1,NA,1,1,0,0,0,1,0,0
"PAT-009",1.22,1,1,1,1,0,0,1,0,NA,1,0,0,0,0,1,1,0,1,1,0,0,0,1,0,1
"PAT-010",1.51,NA,0,NA,0,NA,0,NA,NA,NA,1,0,NA,NA,0,1,NA,NA,1,NA,0,NA,NA,NA,NA,NA
"PAT-012",3.41,1,1,1,1,0,0,1,0,NA,1,0,0,1,0,1,1,0,1,1,0,0,0,1,1,0
"PAT-014",2.08,NA,1,NA,1,NA,0,NA,NA,NA,1,0,NA,0,0,1,NA,NA,1,NA,0,0,0,NA,NA,NA
"PAT-015",0.77,1,0,1,1,0,0,0,1,NA,1,0,0,0,0,1,0,1,1,0,0,0,0,0,0,0
"PAT-016",0,1,1,1,1,0,0,0,0,NA,0,0,0,1,0,1,1,NA,1,1,0,0,0,0,0,0
"PAT-017",1.67,1,0,1,0,0,1,1,0,0,1,0,0,0,0,1,1,0,NA,1,0,0,0,0,0,0
"PAT-018",0,NA,0,NA,0,NA,0,0,NA,NA,1,0,NA,0,0,0,NA,NA,NA,NA,0,NA,NA,0,NA,NA
"PAT-019",7.27,1,1,1,1,0,0,1,0,NA,0,0,0,0,0,1,1,1,1,0,0,0,0,1,0,0
"PAT-020",2.76,1,1,1,0,0,0,1,NA,NA,1,0,0,0,0,1,0,NA,1,0,0,0,0,1,0,0
"PAT-021",7.37,1,1,1,1,1,0,1,NA,NA,1,0,1,0,0,1,1,0,1,0,0,0,0,1,0,0
"PAT-022",8.44,1,1,1,0,0,0,0,0,0,0,0,0,0,0,1,1,0,1,0,0,0,0,0,1,0
"PAT-023",0.35,1,1,1,1,0,1,1,1,NA,1,0,0,1,0,1,1,NA,1,1,0,0,0,1,1,0
"PAT-024",0.56,1,1,1,1,0,0,0,NA,NA,1,0,1,0,0,1,1,NA,1,0,1,0,0,1,0,0
"PAT-025",14.32,1,0,1,1,1,0,0,1,0,1,0,0,0,0,1,1,0,1,1,0,0,0,1,0,0
"PAT-026",3.21,0,0,1,0,NA,0,0,NA,NA,0,NA,NA,NA,0,1,1,NA,NA,0,0,NA,NA,0,1,0
"PAT-027",1.35,1,1,1,1,0,0,1,0,0,1,0,0,0,1,1,1,0,1,0,0,0,0,1,0,0
"PAT-028",4.33,0,1,NA,1,NA,0,0,NA,NA,0,0,0,0,0,1,NA,NA,0,NA,0,0,0,NA,0,0
"PAT-029",0,NA,0,NA,0,NA,1,0,NA,NA,1,0,0,0,0,1,NA,NA,1,NA,0,0,0,0,NA,NA
"PAT-030",43.08,1,0,1,1,0,1,1,0,0,1,0,0,0,0,1,1,0,1,1,0,0,0,1,0,0
"PAT-037",12.59,0,0,1,1,1,0,1,1,0,0,0,NA,0,0,1,1,0,1,0,0,0,0,0,0,0
"PAT-038",0,0,1,0,1,0,1,0,NA,NA,1,0,NA,0,0,1,1,NA,1,0,0,0,0,0,0,0
"PAT-039",5.15,1,NA,1,1,0,0,1,0,NA,0,0,NA,0,0,1,1,0,NA,0,NA,NA,0,1,1,0
"PAT-040",3.52,1,0,1,0,0,0,1,1,0,0,0,NA,0,1,1,1,0,1,0,0,0,0,1,0,0
"PAT-041",2.59,1,NA,1,1,1,0,0,0,0,1,0,NA,NA,0,0,1,0,1,1,NA,NA,NA,0,0,0
"PAT-042",6.03,1,1,1,1,0,0,1,NA,0,0,0,NA,0,0,1,1,1,1,0,0,NA,0,1,1,0
"PAT-043",6.11,1,0,1,1,1,NA,1,0,0,0,0,NA,1,0,1,0,0,1,0,NA,NA,0,1,0,0
"PAT-045",4.07,1,0,1,1,1,0,1,1,0,1,0,NA,0,1,1,1,1,0,1,0,0,0,1,0,0
"PAT-046",0,1,1,1,0,0,0,1,0,0,0,0,NA,0,0,1,1,0,1,1,0,0,0,1,0,0
"PAT-047",14.96,1,NA,1,NA,0,NA,1,1,NA,0,NA,NA,NA,0,1,1,0,1,0,NA,NA,NA,1,0,0
"PAT-048",0,0,NA,1,NA,NA,NA,0,NA,NA,0,NA,NA,NA,0,0,1,NA,NA,0,NA,NA,NA,0,0,0
"PAT-049",1.41,1,NA,1,NA,1,NA,1,1,1,NA,NA,NA,NA,NA,NA,1,0,NA,1,NA,NA,NA,1,0,0
"PAT-050",7.64,1,1,1,1,1,0,1,0,1,1,0,NA,1,0,1,1,0,1,1,0,0,0,1,1,0
"PAT-051",6.56,1,1,1,1,1,0,1,0,0,0,0,NA,0,0,1,1,0,NA,0,0,NA,0,1,1,0
"PAT-052",16.32,1,0,1,1,1,0,1,1,0,0,0,NA,0,0,1,1,0,1,0,0,0,0,0,0,0
"PAT-053",6.67,1,1,1,1,0,0,1,1,0,1,0,NA,NA,1,1,1,0,1,1,NA,NA,0,1,0,0
"PAT-056",0,1,1,1,1,1,0,0,0,NA,1,0,0,1,0,1,1,0,NA,1,0,0,0,1,0,0
"PAT-057",2.43,1,1,1,1,0,0,1,NA,NA,1,0,0,1,0,1,0,NA,1,1,0,1,0,0,0,0
"PAT-058",3.92,1,0,1,1,0,1,1,NA,NA,1,0,0,1,0,1,1,NA,1,1,0,0,0,0,0,0
"PAT-059",0,0,1,0,1,NA,0,0,NA,NA,1,0,NA,0,1,1,1,NA,1,NA,0,0,0,0,NA,0
"PAT-061",24.78,1,1,1,1,1,0,1,0,0,1,0,0,1,1,1,1,0,1,1,0,0,0,0,0,0
"PAT-065",0.95,1,1,1,1,0,0,1,NA,NA,1,0,0,1,0,1,1,NA,1,0,0,0,0,0,0,1
"PBC-138-22Jun21",2.26,1,1,1,1,0,1,1,1,0,1,1,0,0,0,1,1,0,1,1,0,0,1,1,1,0
"PBC-395-19Jul21",0.41,1,0,1,1,0,1,1,0,0,1,0,0,1,1,1,1,0,1,0,1,0,0,1,0,0
"PBC-403-13Jul21",8.37,NA,1,NA,1,NA,1,NA,NA,NA,1,0,0,0,1,1,NA,NA,1,NA,0,0,0,NA,NA,NA
"TDH-191",6.48,1,1,1,0,1,0,0,0,0,1,0,0,1,0,1,1,0,0,0,0,0,0,0,0,0
"TDH-193",0.78,1,0,1,1,0,0,1,1,0,0,0,NA,1,1,1,1,0,1,0,0,0,0,1,0,0
"TDH-194",0.36,1,1,1,1,0,0,1,0,NA,1,0,NA,1,0,1,1,0,1,1,NA,NA,0,0,0,0
